Al,Si,Ti,V,Cr,Zr,Nb,Mo,Hf,Ta,W,Tm,delta,To,t,n,k,kinetics,reference,protective_sum,risk_sum,Al_Cr_interaction,thermal_dose,kinetics_class,log10_k
23.5,0.0,23.5,23.5,0.0,6.0,23.5,0.0,0.0,0.0,0.0,1689.4001999999998,0.0614380048203631,600,1,0.46,7.2,Linear,"[3] Senkov et al., J. Mater. Res. 33(19) (2018) > Table/Dataset (Al23.5Ti23.5V23.5Zr6Nb23.5 oxidation data)",23.5,29.5,0.0,600,0,0.8573324964312685
23.5,0.0,23.5,23.5,0.0,6.0,23.5,0.0,0.0,0.0,0.0,1689.4001999999998,0.0614380048203631,600,20,0.46,7.2,Linear,"[3] Senkov et al., J. Mater. Res. 33(19) (2018) > Table/Dataset (Al23.5Ti23.5V23.5Zr6Nb23.5 oxidation data)",23.5,29.5,0.0,12000,0,0.8573324964312685
23.5,0.0,23.5,23.5,0.0,6.0,23.5,0.0,0.0,0.0,0.0,1689.4001999999998,0.0614380048203631,600,100,0.46,7.2,Linear,"[3] Senkov et al., J. Mater. Res. 33(19) (2018) > Table/Dataset (Al23.5Ti23.5V23.5Zr6Nb23.5 oxidation data)",23.5,29.5,0.0,60000,0,0.8573324964312685
23.5,0.0,23.5,23.5,0.0,6.0,23.5,0.0,0.0,0.0,0.0,1689.4001999999998,0.0614380048203631,700,1,0.72,38.1,Linear,"[3] Senkov et al., J. Mater. Res. 33(19) (2018) > Table/Dataset (Al23.5Ti23.5V23.5Zr6Nb23.5 oxidation data)",23.5,29.5,0.0,700,0,1.5809249756756194
23.5,0.0,23.5,23.5,0.0,6.0,23.5,0.0,0.0,0.0,0.0,1689.4001999999998,0.0614380048203631,700,5,0.72,38.1,Linear,"[3] Senkov et al., J. Mater. Res. 33(19) (2018) > Table/Dataset (Al23.5Ti23.5V23.5Zr6Nb23.5 oxidation data)",23.5,29.5,0.0,3500,0,1.5809249756756194
23.5,0.0,23.5,23.5,0.0,6.0,23.5,0.0,0.0,0.0,0.0,1689.4001999999998,0.0614380048203631,700,100,0.72,38.1,Linear,"[3] Senkov et al., J. Mater. Res. 33(19) (2018) > Table/Dataset (Al23.5Ti23.5V23.5Zr6Nb23.5 oxidation data)",23.5,29.5,0.0,70000,0,1.5809249756756194
23.5,0.0,23.5,23.5,0.0,6.0,23.5,0.0,0.0,0.0,0.0,1689.4001999999998,0.0614380048203631,800,1,0.92,107.5,Linear,"[3] Senkov et al., J. Mater. Res. 33(19) (2018) > Table/Dataset (Al23.5Ti23.5V23.5Zr6Nb23.5 oxidation data)",23.5,29.5,0.0,800,0,2.031408464251624
23.5,0.0,23.5,23.5,0.0,6.0,23.5,0.0,0.0,0.0,0.0,1689.4001999999998,0.0614380048203631,800,50,0.92,107.5,Linear,"[3] Senkov et al., J. Mater. Res. 33(19) (2018) > Table/Dataset (Al23.5Ti23.5V23.5Zr6Nb23.5 oxidation data)",23.5,29.5,0.0,40000,0,2.031408464251624
23.5,0.0,23.5,23.5,0.0,6.0,23.5,0.0,0.0,0.0,0.0,1689.4001999999998,0.0614380048203631,800,100,0.92,107.5,Linear,"[3] Senkov et al., J. Mater. Res. 33(19) (2018) > Table/Dataset (Al23.5Ti23.5V23.5Zr6Nb23.5 oxidation data)",23.5,29.5,0.0,80000,0,2.031408464251624
23.5,0.0,23.5,23.5,0.0,6.0,23.5,0.0,0.0,0.0,0.0,1689.4001999999998,0.0614380048203631,900,1,1.0,225.5,Linear,"[3] Senkov et al., J. Mater. Res. 33(19) (2018) > Table/Dataset (Al23.5Ti23.5V23.5Zr6Nb23.5 oxidation data)",23.5,29.5,0.0,900,0,2.3531465462139796
23.5,0.0,23.5,23.5,0.0,6.0,23.5,0.0,0.0,0.0,0.0,1689.4001999999998,0.0614380048203631,900,25,1.0,225.5,Linear,"[3] Senkov et al., J. Mater. Res. 33(19) (2018) > Table/Dataset (Al23.5Ti23.5V23.5Zr6Nb23.5 oxidation data)",23.5,29.5,0.0,22500,0,2.3531465462139796
23.5,0.0,23.5,23.5,0.0,6.0,23.5,0.0,0.0,0.0,0.0,1689.4001999999998,0.0614380048203631,900,50,1.0,225.5,Linear,"[3] Senkov et al., J. Mater. Res. 33(19) (2018) > Table/Dataset (Al23.5Ti23.5V23.5Zr6Nb23.5 oxidation data)",23.5,29.5,0.0,45000,0,2.3531465462139796
0.0,0.0,20.0,0.0,0.0,20.0,20.0,0.0,20.0,20.0,0.0,2250.0,0.0405405405405405,700,1,1.0,55.0,Linear,"[1] Senkov et al., Intermetallics 18(9) (2010) 1758-1765 > Table 2/Fig. 4 (TiZrNbHfTa oxidation data)",0.0,20.0,0.0,700,0,1.7403626894942439
0.0,0.0,20.0,0.0,0.0,20.0,20.0,0.0,20.0,20.0,0.0,2250.0,0.0405405405405405,700,24,1.0,55.0,Linear,"[1] Senkov et al., Intermetallics 18(9) (2010) 1758-1765 > Table 2/Fig. 4 (TiZrNbHfTa oxidation data)",0.0,20.0,0.0,16800,0,1.7403626894942439
0.0,0.0,20.0,0.0,0.0,20.0,20.0,0.0,20.0,20.0,0.0,2250.0,0.0405405405405405,700,48,1.0,55.0,Linear,"[1] Senkov et al., Intermetallics 18(9) (2010) 1758-1765 > Table 2/Fig. 4 (TiZrNbHfTa oxidation data)",0.0,20.0,0.0,33600,0,1.7403626894942439
0.0,0.0,20.0,0.0,0.0,20.0,20.0,0.0,20.0,20.0,0.0,2250.0,0.0405405405405405,800,1,1.0,120.0,Linear,"[1] Senkov et al., Intermetallics 18(9) (2010) 1758-1765 > Table 2/Fig. 4 (TiZrNbHfTa oxidation data)",0.0,20.0,0.0,800,0,2.0791812460476247
0.0,0.0,20.0,0.0,0.0,20.0,20.0,0.0,20.0,20.0,0.0,2250.0,0.0405405405405405,800,24,1.0,120.0,Linear,"[1] Senkov et al., Intermetallics 18(9) (2010) 1758-1765 > Table 2/Fig. 4 (TiZrNbHfTa oxidation data)",0.0,20.0,0.0,19200,0,2.0791812460476247
0.0,0.0,20.0,0.0,0.0,20.0,20.0,0.0,20.0,20.0,0.0,2250.0,0.0405405405405405,800,48,1.0,120.0,Linear,"[1] Senkov et al., Intermetallics 18(9) (2010) 1758-1765 > Table 2/Fig. 4 (TiZrNbHfTa oxidation data)",0.0,20.0,0.0,38400,0,2.0791812460476247
0.0,0.0,20.0,0.0,0.0,20.0,20.0,0.0,20.0,20.0,0.0,2250.0,0.0405405405405405,1000,1,1.0,250.0,Linear,"[1] Senkov et al., Intermetallics 18(9) (2010) 1758-1765 > Table 2/Fig. 4 (TiZrNbHfTa oxidation data)",0.0,20.0,0.0,1000,0,2.3979400086720375
0.0,0.0,20.0,0.0,0.0,20.0,20.0,0.0,20.0,20.0,0.0,2250.0,0.0405405405405405,1000,12,1.0,250.0,Linear,"[1] Senkov et al., Intermetallics 18(9) (2010) 1758-1765 > Table 2/Fig. 4 (TiZrNbHfTa oxidation data)",0.0,20.0,0.0,12000,0,2.3979400086720375
0.0,0.0,20.0,0.0,0.0,20.0,20.0,0.0,20.0,20.0,0.0,2250.0,0.0405405405405405,1000,24,1.0,250.0,Linear,"[1] Senkov et al., Intermetallics 18(9) (2010) 1758-1765 > Table 2/Fig. 4 (TiZrNbHfTa oxidation data)",0.0,20.0,0.0,24000,0,2.3979400086720375
0.0,0.0,25.0,25.0,0.0,0.0,25.0,0.0,0.0,25.0,0.0,2268.0,0.0293506618615521,700,1,1.0,35.0,Linear,"[1] Senkov et al., Intermetallics 18(9) (2010) 1758-1765 > Table 2/Fig. 4 (TiVNbTa oxidation data)",0.0,25.0,0.0,700,0,1.5440680443502757
0.0,0.0,25.0,25.0,0.0,0.0,25.0,0.0,0.0,25.0,0.0,2268.0,0.0293506618615521,700,24,1.0,35.0,Linear,"[1] Senkov et al., Intermetallics 18(9) (2010) 1758-1765 > Table 2/Fig. 4 (TiVNbTa oxidation data)",0.0,25.0,0.0,16800,0,1.5440680443502757
0.0,0.0,25.0,25.0,0.0,0.0,25.0,0.0,0.0,25.0,0.0,2268.0,0.0293506618615521,700,48,1.0,35.0,Linear,"[1] Senkov et al., Intermetallics 18(9) (2010) 1758-1765 > Table 2/Fig. 4 (TiVNbTa oxidation data)",0.0,25.0,0.0,33600,0,1.5440680443502757
0.0,0.0,25.0,25.0,0.0,0.0,25.0,0.0,0.0,25.0,0.0,2268.0,0.0293506618615521,900,1,1.0,130.0,Linear,"[1] Senkov et al., Intermetallics 18(9) (2010) 1758-1765 > Table 2/Fig. 4 (TiVNbTa oxidation data)",0.0,25.0,0.0,900,0,2.113943352306837
0.0,0.0,25.0,25.0,0.0,0.0,25.0,0.0,0.0,25.0,0.0,2268.0,0.0293506618615521,900,24,1.0,130.0,Linear,"[1] Senkov et al., Intermetallics 18(9) (2010) 1758-1765 > Table 2/Fig. 4 (TiVNbTa oxidation data)",0.0,25.0,0.0,21600,0,2.113943352306837
0.0,0.0,25.0,25.0,0.0,0.0,25.0,0.0,0.0,25.0,0.0,2268.0,0.0293506618615521,900,48,1.0,130.0,Linear,"[1] Senkov et al., Intermetallics 18(9) (2010) 1758-1765 > Table 2/Fig. 4 (TiVNbTa oxidation data)",0.0,25.0,0.0,43200,0,2.113943352306837
0.0,0.0,25.0,25.0,0.0,0.0,25.0,0.0,0.0,25.0,0.0,2268.0,0.0293506618615521,1000,1,1.0,290.0,Linear,"[1] Senkov et al., Intermetallics 18(9) (2010) 1758-1765 > Table 2/Fig. 4 (TiVNbTa oxidation data)",0.0,25.0,0.0,1000,0,2.462397997898956
0.0,0.0,25.0,25.0,0.0,0.0,25.0,0.0,0.0,25.0,0.0,2268.0,0.0293506618615521,1000,12,1.0,290.0,Linear,"[1] Senkov et al., Intermetallics 18(9) (2010) 1758-1765 > Table 2/Fig. 4 (TiVNbTa oxidation data)",0.0,25.0,0.0,12000,0,2.462397997898956
0.0,0.0,25.0,25.0,0.0,0.0,25.0,0.0,0.0,25.0,0.0,2268.0,0.0293506618615521,1000,24,1.0,290.0,Linear,"[1] Senkov et al., Intermetallics 18(9) (2010) 1758-1765 > Table 2/Fig. 4 (TiVNbTa oxidation data)",0.0,25.0,0.0,24000,0,2.462397997898956
0.0,0.0,25.0,25.0,0.0,25.0,25.0,0.0,0.0,0.0,0.0,1977.5,0.0514441720269531,700,1,1.0,50.0,Linear,"[6] Gorr et al., Adv. Eng. Mater. 23(5) (2021) 2001047 > Table/Fig. (TiVZrNb oxidation data)",0.0,50.0,0.0,700,0,1.6989700043360187
0.0,0.0,25.0,25.0,0.0,25.0,25.0,0.0,0.0,0.0,0.0,1977.5,0.0514441720269531,700,50,1.0,50.0,Linear,"[6] Gorr et al., Adv. Eng. Mater. 23(5) (2021) 2001047 > Table/Fig. (TiVZrNb oxidation data)",0.0,50.0,0.0,35000,0,1.6989700043360187
0.0,0.0,25.0,25.0,0.0,25.0,25.0,0.0,0.0,0.0,0.0,1977.5,0.0514441720269531,700,100,1.0,50.0,Linear,"[6] Gorr et al., Adv. Eng. Mater. 23(5) (2021) 2001047 > Table/Fig. (TiVZrNb oxidation data)",0.0,50.0,0.0,70000,0,1.6989700043360187
0.0,0.0,25.0,25.0,0.0,25.0,25.0,0.0,0.0,0.0,0.0,1977.5,0.0514441720269531,800,1,1.0,115.0,Linear,"[6] Gorr et al., Adv. Eng. Mater. 23(5) (2021) 2001047 > Table/Fig. (TiVZrNb oxidation data)",0.0,50.0,0.0,800,0,2.060697840353612
0.0,0.0,25.0,25.0,0.0,25.0,25.0,0.0,0.0,0.0,0.0,1977.5,0.0514441720269531,800,50,1.0,115.0,Linear,"[6] Gorr et al., Adv. Eng. Mater. 23(5) (2021) 2001047 > Table/Fig. (TiVZrNb oxidation data)",0.0,50.0,0.0,40000,0,2.060697840353612
0.0,0.0,25.0,25.0,0.0,25.0,25.0,0.0,0.0,0.0,0.0,1977.5,0.0514441720269531,800,100,1.0,115.0,Linear,"[6] Gorr et al., Adv. Eng. Mater. 23(5) (2021) 2001047 > Table/Fig. (TiVZrNb oxidation data)",0.0,50.0,0.0,80000,0,2.060697840353612
0.0,0.0,25.0,25.0,0.0,25.0,25.0,0.0,0.0,0.0,0.0,1977.5,0.0514441720269531,1000,1,1.0,240.0,Linear,"[6] Gorr et al., Adv. Eng. Mater. 23(5) (2021) 2001047 > Table/Fig. (TiVZrNb oxidation data)",0.0,50.0,0.0,1000,0,2.380211241711606
0.0,0.0,25.0,25.0,0.0,25.0,25.0,0.0,0.0,0.0,0.0,1977.5,0.0514441720269531,1000,25,1.0,240.0,Linear,"[6] Gorr et al., Adv. Eng. Mater. 23(5) (2021) 2001047 > Table/Fig. (TiVZrNb oxidation data)",0.0,50.0,0.0,25000,0,2.380211241711606
0.0,0.0,25.0,25.0,0.0,25.0,25.0,0.0,0.0,0.0,0.0,1977.5,0.0514441720269531,1000,50,1.0,240.0,Linear,"[6] Gorr et al., Adv. Eng. Mater. 23(5) (2021) 2001047 > Table/Fig. (TiVZrNb oxidation data)",0.0,50.0,0.0,50000,0,2.380211241711606
0.0,0.0,37.5,0.0,0.0,25.0,12.5,0.0,12.5,12.5,0.0,2055.125,0.0448325691610754,600,1,1.0,65.0,Linear,"[3] Senkov et al., J. Mater. Res. 33(19) (2018) > Review dataset (Ti37.5Zr25Nb12.5Hf12.5Ta12.5)",0.0,25.0,0.0,600,0,1.8129133566428555
0.0,0.0,37.5,0.0,0.0,25.0,12.5,0.0,12.5,12.5,0.0,2055.125,0.0448325691610754,600,50,1.0,65.0,Linear,"[3] Senkov et al., J. Mater. Res. 33(19) (2018) > Review dataset (Ti37.5Zr25Nb12.5Hf12.5Ta12.5)",0.0,25.0,0.0,30000,0,1.8129133566428555
0.0,0.0,37.5,0.0,0.0,25.0,12.5,0.0,12.5,12.5,0.0,2055.125,0.0448325691610754,600,100,1.0,65.0,Linear,"[3] Senkov et al., J. Mater. Res. 33(19) (2018) > Review dataset (Ti37.5Zr25Nb12.5Hf12.5Ta12.5)",0.0,25.0,0.0,60000,0,1.8129133566428555
0.0,0.0,37.5,0.0,0.0,25.0,12.5,0.0,12.5,12.5,0.0,2055.125,0.0448325691610754,700,1,1.0,110.0,Linear,"[3] Senkov et al., J. Mater. Res. 33(19) (2018) > Review dataset (Ti37.5Zr25Nb12.5Hf12.5Ta12.5)",0.0,25.0,0.0,700,0,2.041392685158225
0.0,0.0,37.5,0.0,0.0,25.0,12.5,0.0,12.5,12.5,0.0,2055.125,0.0448325691610754,700,50,1.0,110.0,Linear,"[3] Senkov et al., J. Mater. Res. 33(19) (2018) > Review dataset (Ti37.5Zr25Nb12.5Hf12.5Ta12.5)",0.0,25.0,0.0,35000,0,2.041392685158225
0.0,0.0,37.5,0.0,0.0,25.0,12.5,0.0,12.5,12.5,0.0,2055.125,0.0448325691610754,700,100,1.0,110.0,Linear,"[3] Senkov et al., J. Mater. Res. 33(19) (2018) > Review dataset (Ti37.5Zr25Nb12.5Hf12.5Ta12.5)",0.0,25.0,0.0,70000,0,2.041392685158225
0.0,0.0,37.5,0.0,0.0,25.0,12.5,0.0,12.5,12.5,0.0,2055.125,0.0448325691610754,800,1,1.0,200.0,Linear,"[3] Senkov et al., J. Mater. Res. 33(19) (2018) > Review dataset (Ti37.5Zr25Nb12.5Hf12.5Ta12.5)",0.0,25.0,0.0,800,0,2.3010299956639813
0.0,0.0,37.5,0.0,0.0,25.0,12.5,0.0,12.5,12.5,0.0,2055.125,0.0448325691610754,800,25,1.0,200.0,Linear,"[3] Senkov et al., J. Mater. Res. 33(19) (2018) > Review dataset (Ti37.5Zr25Nb12.5Hf12.5Ta12.5)",0.0,25.0,0.0,20000,0,2.3010299956639813
0.0,0.0,37.5,0.0,0.0,25.0,12.5,0.0,12.5,12.5,0.0,2055.125,0.0448325691610754,800,50,1.0,200.0,Linear,"[3] Senkov et al., J. Mater. Res. 33(19) (2018) > Review dataset (Ti37.5Zr25Nb12.5Hf12.5Ta12.5)",0.0,25.0,0.0,40000,0,2.3010299956639813
0.0,0.0,20.0,20.0,0.0,20.0,20.0,0.0,20.0,0.0,0.0,2028.6,0.0547945205479451,700,1,1.0,45.0,Linear,"[1] Senkov et al., Intermetallics 18(9) (2010) 1758-1765 > Table/Fig. (TiVZrNbHf variant)",0.0,40.0,0.0,700,0,1.6532125137753437
0.0,0.0,20.0,20.0,0.0,20.0,20.0,0.0,20.0,0.0,0.0,2028.6,0.0547945205479451,700,24,1.0,45.0,Linear,"[1] Senkov et al., Intermetallics 18(9) (2010) 1758-1765 > Table/Fig. (TiVZrNbHf variant)",0.0,40.0,0.0,16800,0,1.6532125137753437
0.0,0.0,20.0,20.0,0.0,20.0,20.0,0.0,20.0,0.0,0.0,2028.6,0.0547945205479451,700,48,1.0,45.0,Linear,"[1] Senkov et al., Intermetallics 18(9) (2010) 1758-1765 > Table/Fig. (TiVZrNbHf variant)",0.0,40.0,0.0,33600,0,1.6532125137753437
0.0,0.0,20.0,20.0,0.0,20.0,20.0,0.0,20.0,0.0,0.0,2028.6,0.0547945205479451,900,1,1.0,160.0,Linear,"[1] Senkov et al., Intermetallics 18(9) (2010) 1758-1765 > Table/Fig. (TiVZrNbHf variant)",0.0,40.0,0.0,900,0,2.2041199826559246
0.0,0.0,20.0,20.0,0.0,20.0,20.0,0.0,20.0,0.0,0.0,2028.6,0.0547945205479451,900,24,1.0,160.0,Linear,"[1] Senkov et al., Intermetallics 18(9) (2010) 1758-1765 > Table/Fig. (TiVZrNbHf variant)",0.0,40.0,0.0,21600,0,2.2041199826559246
0.0,0.0,20.0,20.0,0.0,20.0,20.0,0.0,20.0,0.0,0.0,2028.6,0.0547945205479451,900,48,1.0,160.0,Linear,"[1] Senkov et al., Intermetallics 18(9) (2010) 1758-1765 > Table/Fig. (TiVZrNbHf variant)",0.0,40.0,0.0,43200,0,2.2041199826559246
0.0,0.0,20.0,20.0,0.0,20.0,20.0,0.0,20.0,0.0,0.0,2028.6,0.0547945205479451,1000,1,1.0,310.0,Linear,"[1] Senkov et al., Intermetallics 18(9) (2010) 1758-1765 > Table/Fig. (TiVZrNbHf variant)",0.0,40.0,0.0,1000,0,2.4913616938342726
0.0,0.0,20.0,20.0,0.0,20.0,20.0,0.0,20.0,0.0,0.0,2028.6,0.0547945205479451,1000,12,1.0,310.0,Linear,"[1] Senkov et al., Intermetallics 18(9) (2010) 1758-1765 > Table/Fig. (TiVZrNbHf variant)",0.0,40.0,0.0,12000,0,2.4913616938342726
0.0,0.0,20.0,20.0,0.0,20.0,20.0,0.0,20.0,0.0,0.0,2028.6,0.0547945205479451,1000,24,1.0,310.0,Linear,"[1] Senkov et al., Intermetallics 18(9) (2010) 1758-1765 > Table/Fig. (TiVZrNbHf variant)",0.0,40.0,0.0,24000,0,2.4913616938342726
0.0,0.0,20.0,20.0,0.0,20.0,20.0,20.0,0.0,0.0,0.0,2106.6,0.0460642331993805,800,1,1.0,75.0,Linear,"[1] Senkov et al., Intermetallics 18(9) (2010) 1758-1765 > Table/Fig. (TiVZrNbMo variant)",0.0,40.0,0.0,800,0,1.8750612633917
0.0,0.0,20.0,20.0,0.0,20.0,20.0,20.0,0.0,0.0,0.0,2106.6,0.0460642331993805,800,24,1.0,75.0,Linear,"[1] Senkov et al., Intermetallics 18(9) (2010) 1758-1765 > Table/Fig. (TiVZrNbMo variant)",0.0,40.0,0.0,19200,0,1.8750612633917
0.0,0.0,20.0,20.0,0.0,20.0,20.0,20.0,0.0,0.0,0.0,2106.6,0.0460642331993805,800,48,1.0,75.0,Linear,"[1] Senkov et al., Intermetallics 18(9) (2010) 1758-1765 > Table/Fig. (TiVZrNbMo variant)",0.0,40.0,0.0,38400,0,1.8750612633917
0.0,0.0,20.0,20.0,0.0,20.0,20.0,20.0,0.0,0.0,0.0,2106.6,0.0460642331993805,1000,1,1.0,200.0,Linear,"[1] Senkov et al., Intermetallics 18(9) (2010) 1758-1765 > Table/Fig. (TiVZrNbMo variant)",0.0,40.0,0.0,1000,0,2.3010299956639813
0.0,0.0,20.0,20.0,0.0,20.0,20.0,20.0,0.0,0.0,0.0,2106.6,0.0460642331993805,1000,24,1.0,200.0,Linear,"[1] Senkov et al., Intermetallics 18(9) (2010) 1758-1765 > Table/Fig. (TiVZrNbMo variant)",0.0,40.0,0.0,24000,0,2.3010299956639813
0.0,0.0,20.0,20.0,0.0,20.0,20.0,20.0,0.0,0.0,0.0,2106.6,0.0460642331993805,1000,48,1.0,200.0,Linear,"[1] Senkov et al., Intermetallics 18(9) (2010) 1758-1765 > Table/Fig. (TiVZrNbMo variant)",0.0,40.0,0.0,48000,0,2.3010299956639813
0.0,0.0,25.0,25.0,0.0,25.0,0.0,0.0,25.0,0.0,0.0,1916.5,0.0610378498166054,700,1,1.0,42.0,Linear,"[1] Senkov et al., Intermetallics 18(9) (2010) 1758-1765 > Table/Fig. (TiVZrHf variant)",0.0,50.0,0.0,700,0,1.6232492903979006
0.0,0.0,25.0,25.0,0.0,25.0,0.0,0.0,25.0,0.0,0.0,1916.5,0.0610378498166054,700,50,1.0,42.0,Linear,"[1] Senkov et al., Intermetallics 18(9) (2010) 1758-1765 > Table/Fig. (TiVZrHf variant)",0.0,50.0,0.0,35000,0,1.6232492903979006
0.0,0.0,25.0,25.0,0.0,25.0,0.0,0.0,25.0,0.0,0.0,1916.5,0.0610378498166054,700,100,1.0,42.0,Linear,"[1] Senkov et al., Intermetallics 18(9) (2010) 1758-1765 > Table/Fig. (TiVZrHf variant)",0.0,50.0,0.0,70000,0,1.6232492903979006
0.0,0.0,25.0,25.0,0.0,25.0,0.0,0.0,25.0,0.0,0.0,1916.5,0.0610378498166054,900,1,1.0,145.0,Linear,"[1] Senkov et al., Intermetallics 18(9) (2010) 1758-1765 > Table/Fig. (TiVZrHf variant)",0.0,50.0,0.0,900,0,2.161368002234975
0.0,0.0,25.0,25.0,0.0,25.0,0.0,0.0,25.0,0.0,0.0,1916.5,0.0610378498166054,900,50,1.0,145.0,Linear,"[1] Senkov et al., Intermetallics 18(9) (2010) 1758-1765 > Table/Fig. (TiVZrHf variant)",0.0,50.0,0.0,45000,0,2.161368002234975
0.0,0.0,25.0,25.0,0.0,25.0,0.0,0.0,25.0,0.0,0.0,1916.5,0.0610378498166054,900,100,1.0,145.0,Linear,"[1] Senkov et al., Intermetallics 18(9) (2010) 1758-1765 > Table/Fig. (TiVZrHf variant)",0.0,50.0,0.0,90000,0,2.161368002234975
0.0,0.0,20.0,20.0,20.0,20.0,20.0,0.0,0.0,0.0,0.0,1963.4,0.0474288810008759,800,1,1.0,55.0,Linear,"[3] Senkov et al., J. Mater. Res. 33(19) (2018) > Review dataset (TiVCrZrNb oxidation data)",20.0,40.0,0.0,800,0,1.7403626894942439
0.0,0.0,20.0,20.0,20.0,20.0,20.0,0.0,0.0,0.0,0.0,1963.4,0.0474288810008759,800,25,1.0,55.0,Linear,"[3] Senkov et al., J. Mater. Res. 33(19) (2018) > Review dataset (TiVCrZrNb oxidation data)",20.0,40.0,0.0,20000,0,1.7403626894942439
0.0,0.0,20.0,20.0,20.0,20.0,20.0,0.0,0.0,0.0,0.0,1963.4,0.0474288810008759,800,50,1.0,55.0,Linear,"[3] Senkov et al., J. Mater. Res. 33(19) (2018) > Review dataset (TiVCrZrNb oxidation data)",20.0,40.0,0.0,40000,0,1.7403626894942439
0.0,0.0,20.0,20.0,20.0,20.0,20.0,0.0,0.0,0.0,0.0,1963.4,0.0474288810008759,1000,1,1.0,180.0,Linear,"[3] Senkov et al., J. Mater. Res. 33(19) (2018) > Review dataset (TiVCrZrNb oxidation data)",20.0,40.0,0.0,1000,0,2.255272505103306
0.0,0.0,20.0,20.0,20.0,20.0,20.0,0.0,0.0,0.0,0.0,1963.4,0.0474288810008759,1000,25,1.0,180.0,Linear,"[3] Senkov et al., J. Mater. Res. 33(19) (2018) > Review dataset (TiVCrZrNb oxidation data)",20.0,40.0,0.0,25000,0,2.255272505103306
0.0,0.0,20.0,20.0,20.0,20.0,20.0,0.0,0.0,0.0,0.0,1963.4,0.0474288810008759,1000,50,1.0,180.0,Linear,"[3] Senkov et al., J. Mater. Res. 33(19) (2018) > Review dataset (TiVCrZrNb oxidation data)",20.0,40.0,0.0,50000,0,2.255272505103306
0.0,0.0,25.0,0.0,0.0,0.0,25.0,0.0,0.0,25.0,25.0,2646.0,0.0293506618615521,1000,1,1.0,12.0,Linear,"[3] Senkov et al., J. Mater. Res. 33(19) (2018) > Review dataset (TiNbTaW oxidation data)",0.0,0.0,0.0,1000,0,1.0791812460476249
0.0,0.0,25.0,0.0,0.0,0.0,25.0,0.0,0.0,25.0,25.0,2646.0,0.0293506618615521,1000,24,1.0,12.0,Linear,"[3] Senkov et al., J. Mater. Res. 33(19) (2018) > Review dataset (TiNbTaW oxidation data)",0.0,0.0,0.0,24000,0,1.0791812460476249
0.0,0.0,25.0,0.0,0.0,0.0,25.0,0.0,0.0,25.0,25.0,2646.0,0.0293506618615521,1000,48,1.0,12.0,Linear,"[3] Senkov et al., J. Mater. Res. 33(19) (2018) > Review dataset (TiNbTaW oxidation data)",0.0,0.0,0.0,48000,0,1.0791812460476249
0.0,0.0,25.0,0.0,0.0,0.0,25.0,0.0,0.0,25.0,25.0,2646.0,0.0293506618615521,1200,1,1.0,35.0,Linear,"[3] Senkov et al., J. Mater. Res. 33(19) (2018) > Review dataset (TiNbTaW oxidation data)",0.0,0.0,0.0,1200,0,1.5440680443502757
0.0,0.0,25.0,0.0,0.0,0.0,25.0,0.0,0.0,25.0,25.0,2646.0,0.0293506618615521,1200,24,1.0,35.0,Linear,"[3] Senkov et al., J. Mater. Res. 33(19) (2018) > Review dataset (TiNbTaW oxidation data)",0.0,0.0,0.0,28800,0,1.5440680443502757
0.0,0.0,25.0,0.0,0.0,0.0,25.0,0.0,0.0,25.0,25.0,2646.0,0.0293506618615521,1200,48,1.0,35.0,Linear,"[3] Senkov et al., J. Mater. Res. 33(19) (2018) > Review dataset (TiNbTaW oxidation data)",0.0,0.0,0.0,57600,0,1.5440680443502757
0.0,0.0,20.0,0.0,0.0,0.0,20.0,20.0,0.0,20.0,20.0,2641.4,0.0281690140845069,1000,1,1.2,8.0,Linear,"[2] Senkov et al., Intermetallics 19(5) (2011) 698-706 > Table/Fig. (TiNbMoTaW oxidation data)",0.0,0.0,0.0,1000,0,0.9030899869919435
0.0,0.0,20.0,0.0,0.0,0.0,20.0,20.0,0.0,20.0,20.0,2641.4,0.0281690140845069,1000,24,1.2,8.0,Linear,"[2] Senkov et al., Intermetallics 19(5) (2011) 698-706 > Table/Fig. (TiNbMoTaW oxidation data)",0.0,0.0,0.0,24000,0,0.9030899869919435
0.0,0.0,20.0,0.0,0.0,0.0,20.0,20.0,0.0,20.0,20.0,2641.4,0.0281690140845069,1000,48,1.2,8.0,Linear,"[2] Senkov et al., Intermetallics 19(5) (2011) 698-706 > Table/Fig. (TiNbMoTaW oxidation data)",0.0,0.0,0.0,48000,0,0.9030899869919435
0.0,0.0,20.0,0.0,0.0,0.0,20.0,20.0,0.0,20.0,20.0,2641.4,0.0281690140845069,1200,1,1.0,22.0,Linear,"[2] Senkov et al., Intermetallics 19(5) (2011) 698-706 > Table/Fig. (TiNbMoTaW oxidation data)",0.0,0.0,0.0,1200,0,1.3424226808222062
0.0,0.0,20.0,0.0,0.0,0.0,20.0,20.0,0.0,20.0,20.0,2641.4,0.0281690140845069,1200,24,1.0,22.0,Linear,"[2] Senkov et al., Intermetallics 19(5) (2011) 698-706 > Table/Fig. (TiNbMoTaW oxidation data)",0.0,0.0,0.0,28800,0,1.3424226808222062
0.0,0.0,20.0,0.0,0.0,0.0,20.0,20.0,0.0,20.0,20.0,2641.4,0.0281690140845069,1200,48,1.0,22.0,Linear,"[2] Senkov et al., Intermetallics 19(5) (2011) 698-706 > Table/Fig. (TiNbMoTaW oxidation data)",0.0,0.0,0.0,57600,0,1.3424226808222062
0.0,0.0,20.0,0.0,0.0,0.0,20.0,20.0,0.0,20.0,20.0,2641.4,0.0281690140845069,1300,1,1.0,45.0,Linear,"[2] Senkov et al., Intermetallics 19(5) (2011) 698-706 > Table/Fig. (TiNbMoTaW oxidation data)",0.0,0.0,0.0,1300,0,1.6532125137753437
0.0,0.0,20.0,0.0,0.0,0.0,20.0,20.0,0.0,20.0,20.0,2641.4,0.0281690140845069,1300,12,1.0,45.0,Linear,"[2] Senkov et al., Intermetallics 19(5) (2011) 698-706 > Table/Fig. (TiNbMoTaW oxidation data)",0.0,0.0,0.0,15600,0,1.6532125137753437
0.0,0.0,20.0,0.0,0.0,0.0,20.0,20.0,0.0,20.0,20.0,2641.4,0.0281690140845069,1300,24,1.0,45.0,Linear,"[2] Senkov et al., Intermetallics 19(5) (2011) 698-706 > Table/Fig. (TiNbMoTaW oxidation data)",0.0,0.0,0.0,31200,0,1.6532125137753437
20.0,0.0,20.0,20.0,20.0,0.0,20.0,0.0,0.0,0.0,0.0,1724.4640000000002,0.0495060582709874,900,1,1.2,45.0,Linear,"[3] Senkov et al., J. Mater. Res. 33(19) (2018) > Review dataset (AlTiVCrNb oxidation data)",40.0,20.0,400.0,900,0,1.6532125137753437
20.0,0.0,20.0,20.0,20.0,0.0,20.0,0.0,0.0,0.0,0.0,1724.4640000000002,0.0495060582709874,900,25,1.2,45.0,Linear,"[3] Senkov et al., J. Mater. Res. 33(19) (2018) > Review dataset (AlTiVCrNb oxidation data)",40.0,20.0,400.0,22500,0,1.6532125137753437
20.0,0.0,20.0,20.0,20.0,0.0,20.0,0.0,0.0,0.0,0.0,1724.4640000000002,0.0495060582709874,900,50,1.2,45.0,Linear,"[3] Senkov et al., J. Mater. Res. 33(19) (2018) > Review dataset (AlTiVCrNb oxidation data)",40.0,20.0,400.0,45000,0,1.6532125137753437
20.0,0.0,20.0,20.0,20.0,0.0,20.0,0.0,0.0,0.0,0.0,1724.4640000000002,0.0495060582709874,1000,1,1.1,85.2,Linear,"[3] Senkov et al., J. Mater. Res. 33(19) (2018) > Review dataset (AlTiVCrNb oxidation data)",40.0,20.0,400.0,1000,0,1.9304395947667001
20.0,0.0,20.0,20.0,20.0,0.0,20.0,0.0,0.0,0.0,0.0,1724.4640000000002,0.0495060582709874,1000,25,1.1,85.2,Linear,"[3] Senkov et al., J. Mater. Res. 33(19) (2018) > Review dataset (AlTiVCrNb oxidation data)",40.0,20.0,400.0,25000,0,1.9304395947667001
20.0,0.0,20.0,20.0,20.0,0.0,20.0,0.0,0.0,0.0,0.0,1724.4640000000002,0.0495060582709874,1000,50,1.1,85.2,Linear,"[3] Senkov et al., J. Mater. Res. 33(19) (2018) > Review dataset (AlTiVCrNb oxidation data)",40.0,20.0,400.0,50000,0,1.9304395947667001
20.0,0.0,20.0,20.0,20.0,0.0,20.0,0.0,0.0,0.0,0.0,1724.4640000000002,0.0495060582709874,1100,1,1.0,150.0,Linear,"[3] Senkov et al., J. Mater. Res. 33(19) (2018) > Review dataset (AlTiVCrNb oxidation data)",40.0,20.0,400.0,1100,0,2.1760912590556813
20.0,0.0,20.0,20.0,20.0,0.0,20.0,0.0,0.0,0.0,0.0,1724.4640000000002,0.0495060582709874,1100,24,1.0,150.0,Linear,"[3] Senkov et al., J. Mater. Res. 33(19) (2018) > Review dataset (AlTiVCrNb oxidation data)",40.0,20.0,400.0,26400,0,2.1760912590556813
20.0,0.0,20.0,20.0,20.0,0.0,20.0,0.0,0.0,0.0,0.0,1724.4640000000002,0.0495060582709874,1100,48,1.0,150.0,Linear,"[3] Senkov et al., J. Mater. Res. 33(19) (2018) > Review dataset (AlTiVCrNb oxidation data)",40.0,20.0,400.0,52800,0,2.1760912590556813
0.0,0.0,0.0,20.0,0.0,0.0,20.0,20.0,0.0,20.0,20.0,2689.8,0.0347445353586265,1000,1,1.0,15.0,Linear,"[2] Senkov et al., Intermetallics 19(5) (2011) 698-706 > Table/Fig. (VNbMoTaW oxidation data)",0.0,20.0,0.0,1000,0,1.1760912590556813
0.0,0.0,0.0,20.0,0.0,0.0,20.0,20.0,0.0,20.0,20.0,2689.8,0.0347445353586265,1000,24,1.0,15.0,Linear,"[2] Senkov et al., Intermetallics 19(5) (2011) 698-706 > Table/Fig. (VNbMoTaW oxidation data)",0.0,20.0,0.0,24000,0,1.1760912590556813
0.0,0.0,0.0,20.0,0.0,0.0,20.0,20.0,0.0,20.0,20.0,2689.8,0.0347445353586265,1000,48,1.0,15.0,Linear,"[2] Senkov et al., Intermetallics 19(5) (2011) 698-706 > Table/Fig. (VNbMoTaW oxidation data)",0.0,20.0,0.0,48000,0,1.1760912590556813
0.0,0.0,0.0,20.0,0.0,0.0,20.0,20.0,0.0,20.0,20.0,2689.8,0.0347445353586265,1200,1,1.0,42.0,Linear,"[2] Senkov et al., Intermetallics 19(5) (2011) 698-706 > Table/Fig. (VNbMoTaW oxidation data)",0.0,20.0,0.0,1200,0,1.6232492903979006
0.0,0.0,0.0,20.0,0.0,0.0,20.0,20.0,0.0,20.0,20.0,2689.8,0.0347445353586265,1200,24,1.0,42.0,Linear,"[2] Senkov et al., Intermetallics 19(5) (2011) 698-706 > Table/Fig. (VNbMoTaW oxidation data)",0.0,20.0,0.0,28800,0,1.6232492903979006
0.0,0.0,0.0,20.0,0.0,0.0,20.0,20.0,0.0,20.0,20.0,2689.8,0.0347445353586265,1200,48,1.0,42.0,Linear,"[2] Senkov et al., Intermetallics 19(5) (2011) 698-706 > Table/Fig. (VNbMoTaW oxidation data)",0.0,20.0,0.0,57600,0,1.6232492903979006
0.0,0.0,25.0,25.0,0.0,0.0,25.0,25.0,0.0,0.0,0.0,2169.5,0.0293506618615521,800,1,1.2,30.0,Linear,"[3] Senkov et al., J. Mater. Res. 33(19) (2018) > Review dataset (TiVNbMo oxidation data)",0.0,25.0,0.0,800,0,1.4771212547196624
0.0,0.0,25.0,25.0,0.0,0.0,25.0,25.0,0.0,0.0,0.0,2169.5,0.0293506618615521,800,50,1.2,30.0,Linear,"[3] Senkov et al., J. Mater. Res. 33(19) (2018) > Review dataset (TiVNbMo oxidation data)",0.0,25.0,0.0,40000,0,1.4771212547196624
0.0,0.0,25.0,25.0,0.0,0.0,25.0,25.0,0.0,0.0,0.0,2169.5,0.0293506618615521,800,100,1.2,30.0,Linear,"[3] Senkov et al., J. Mater. Res. 33(19) (2018) > Review dataset (TiVNbMo oxidation data)",0.0,25.0,0.0,80000,0,1.4771212547196624
0.0,0.0,25.0,25.0,0.0,0.0,25.0,25.0,0.0,0.0,0.0,2169.5,0.0293506618615521,1000,1,1.0,80.0,Linear,"[3] Senkov et al., J. Mater. Res. 33(19) (2018) > Review dataset (TiVNbMo oxidation data)",0.0,25.0,0.0,1000,0,1.9030899869919435
0.0,0.0,25.0,25.0,0.0,0.0,25.0,25.0,0.0,0.0,0.0,2169.5,0.0293506618615521,1000,50,1.0,80.0,Linear,"[3] Senkov et al., J. Mater. Res. 33(19) (2018) > Review dataset (TiVNbMo oxidation data)",0.0,25.0,0.0,50000,0,1.9030899869919435
0.0,0.0,25.0,25.0,0.0,0.0,25.0,25.0,0.0,0.0,0.0,2169.5,0.0293506618615521,1000,100,1.0,80.0,Linear,"[3] Senkov et al., J. Mater. Res. 33(19) (2018) > Review dataset (TiVNbMo oxidation data)",0.0,25.0,0.0,100000,0,1.9030899869919435
0.0,0.0,25.0,25.0,25.0,0.0,25.0,0.0,0.0,0.0,0.0,1990.5,0.0252538136138052,800,1,1.1,25.0,Linear,"[3] Senkov et al., J. Mater. Res. 33(19) (2018) > Review dataset (TiVCrNb oxidation data)",25.0,25.0,0.0,800,0,1.3979400086720377
0.0,0.0,25.0,25.0,25.0,0.0,25.0,0.0,0.0,0.0,0.0,1990.5,0.0252538136138052,800,50,1.1,25.0,Linear,"[3] Senkov et al., J. Mater. Res. 33(19) (2018) > Review dataset (TiVCrNb oxidation data)",25.0,25.0,0.0,40000,0,1.3979400086720377
0.0,0.0,25.0,25.0,25.0,0.0,25.0,0.0,0.0,0.0,0.0,1990.5,0.0252538136138052,800,100,1.1,25.0,Linear,"[3] Senkov et al., J. Mater. Res. 33(19) (2018) > Review dataset (TiVCrNb oxidation data)",25.0,25.0,0.0,80000,0,1.3979400086720377
0.0,0.0,25.0,25.0,25.0,0.0,25.0,0.0,0.0,0.0,0.0,1990.5,0.0252538136138052,1000,1,1.0,68.0,Linear,"[3] Senkov et al., J. Mater. Res. 33(19) (2018) > Review dataset (TiVCrNb oxidation data)",25.0,25.0,0.0,1000,0,1.8325089127062364
0.0,0.0,25.0,25.0,25.0,0.0,25.0,0.0,0.0,0.0,0.0,1990.5,0.0252538136138052,1000,50,1.0,68.0,Linear,"[3] Senkov et al., J. Mater. Res. 33(19) (2018) > Review dataset (TiVCrNb oxidation data)",25.0,25.0,0.0,50000,0,1.8325089127062364
0.0,0.0,25.0,25.0,25.0,0.0,25.0,0.0,0.0,0.0,0.0,1990.5,0.0252538136138052,1000,100,1.0,68.0,Linear,"[3] Senkov et al., J. Mater. Res. 33(19) (2018) > Review dataset (TiVCrNb oxidation data)",25.0,25.0,0.0,100000,0,1.8325089127062364
17.6,2.9,5.4,0.0,25.2,0.0,15.2,20.3,0.0,13.4,0.0,2041.10932,0.0630729087496409,1000,1,1.2,6.5,Linear,"[18] Lo et al., Sci. Reports 9(1) (2019) 7266 > Table 1/Fig. 3 (AlSiTiCrNbMoTa at 1000°C, Linear kinetics)",45.699999999999996,0.0,443.52000000000004,1000,0,0.8129133566428556
17.6,2.9,5.4,0.0,25.2,0.0,15.2,20.3,0.0,13.4,0.0,2041.10932,0.0630729087496409,1000,100,1.2,6.5,Linear,"[18] Lo et al., Sci. Reports 9(1) (2019) 7266 > Table 1/Fig. 3 (AlSiTiCrNbMoTa at 1000°C, Linear kinetics)",45.699999999999996,0.0,443.52000000000004,100000,0,0.8129133566428556
17.6,2.9,5.4,0.0,25.2,0.0,15.2,20.3,0.0,13.4,0.0,2041.10932,0.0630729087496409,1000,200,1.2,6.5,Linear,"[18] Lo et al., Sci. Reports 9(1) (2019) 7266 > Table 1/Fig. 3 (AlSiTiCrNbMoTa at 1000°C, Linear kinetics)",45.699999999999996,0.0,443.52000000000004,200000,0,0.8129133566428556
17.6,2.9,5.4,0.0,25.2,0.0,15.2,20.3,0.0,13.4,0.0,2041.10932,0.0630729087496409,1300,1,1.4,15.0,Linear,"[4] Lo et al., Intermetallics 119 (2020) 106711 > Table/Fig. (AlSiTiCrNbMoTa at 1300°C, Linear kinetics)",45.699999999999996,0.0,443.52000000000004,1300,1,1.1760912590556813
17.6,2.9,5.4,0.0,25.2,0.0,15.2,20.3,0.0,13.4,0.0,2041.10932,0.0630729087496409,1300,50,1.4,15.0,Linear,"[4] Lo et al., Intermetallics 119 (2020) 106711 > Table/Fig. (AlSiTiCrNbMoTa at 1300°C, Linear kinetics)",45.699999999999996,0.0,443.52000000000004,65000,1,1.1760912590556813
17.6,2.9,5.4,0.0,25.2,0.0,15.2,20.3,0.0,13.4,0.0,2041.10932,0.0630729087496409,1300,100,1.4,15.0,Linear,"[4] Lo et al., Intermetallics 119 (2020) 106711 > Table/Fig. (AlSiTiCrNbMoTa at 1300°C, Linear kinetics)",45.699999999999996,0.0,443.52000000000004,130000,1,1.1760912590556813
0.0,0.0,25.0,0.0,0.0,0.0,0.0,25.0,25.0,0.0,25.0,2486.5,0.0514441720269531,1200,1,1.3,20.0,Linear,"[3] Senkov et al., J. Mater. Res. 33(19) (2018) > Review dataset (TiMoHfW oxidation data)",0.0,0.0,0.0,1200,0,1.3010299956639813
0.0,0.0,25.0,0.0,0.0,0.0,0.0,25.0,25.0,0.0,25.0,2486.5,0.0514441720269531,1200,24,1.3,20.0,Linear,"[3] Senkov et al., J. Mater. Res. 33(19) (2018) > Review dataset (TiMoHfW oxidation data)",0.0,0.0,0.0,28800,0,1.3010299956639813
0.0,0.0,25.0,0.0,0.0,0.0,0.0,25.0,25.0,0.0,25.0,2486.5,0.0514441720269531,1200,48,1.3,20.0,Linear,"[3] Senkov et al., J. Mater. Res. 33(19) (2018) > Review dataset (TiMoHfW oxidation data)",0.0,0.0,0.0,57600,0,1.3010299956639813
0.0,0.0,20.0,0.0,0.0,20.0,20.0,20.0,20.0,0.0,0.0,2171.2000000000003,0.0405405405405405,800,1,1.3,28.0,Linear,"[3] Senkov et al., J. Mater. Res. 33(19) (2018) > Review dataset (TiZrNbMoHf oxidation data)",0.0,20.0,0.0,800,0,1.4471580313422192
0.0,0.0,20.0,0.0,0.0,20.0,20.0,20.0,20.0,0.0,0.0,2171.2000000000003,0.0405405405405405,800,25,1.3,28.0,Linear,"[3] Senkov et al., J. Mater. Res. 33(19) (2018) > Review dataset (TiZrNbMoHf oxidation data)",0.0,20.0,0.0,20000,0,1.4471580313422192
0.0,0.0,20.0,0.0,0.0,20.0,20.0,20.0,20.0,0.0,0.0,2171.2000000000003,0.0405405405405405,800,50,1.3,28.0,Linear,"[3] Senkov et al., J. Mater. Res. 33(19) (2018) > Review dataset (TiZrNbMoHf oxidation data)",0.0,20.0,0.0,40000,0,1.4471580313422192
0.0,0.0,20.0,0.0,0.0,20.0,20.0,20.0,20.0,0.0,0.0,2171.2000000000003,0.0405405405405405,1000,1,1.0,85.0,Linear,"[3] Senkov et al., J. Mater. Res. 33(19) (2018) > Review dataset (TiZrNbMoHf oxidation data)",0.0,20.0,0.0,1000,0,1.9294189257142926
0.0,0.0,20.0,0.0,0.0,20.0,20.0,20.0,20.0,0.0,0.0,2171.2000000000003,0.0405405405405405,1000,25,1.0,85.0,Linear,"[3] Senkov et al., J. Mater. Res. 33(19) (2018) > Review dataset (TiZrNbMoHf oxidation data)",0.0,20.0,0.0,25000,0,1.9294189257142926
0.0,0.0,20.0,0.0,0.0,20.0,20.0,20.0,20.0,0.0,0.0,2171.2000000000003,0.0405405405405405,1000,50,1.0,85.0,Linear,"[3] Senkov et al., J. Mater. Res. 33(19) (2018) > Review dataset (TiZrNbMoHf oxidation data)",0.0,20.0,0.0,50000,0,1.9294189257142926
20.0,0.0,20.0,0.0,20.0,0.0,20.0,20.0,0.0,0.0,0.0,1867.064,0.0528666850960397,1000,1,2.0,8.5,Parabolic,"[6] Gorr et al., Adv. Eng. Mater. 23(5) (2021) 2001047 > Table/Fig. (AlCrMoNbTi oxidation data)",40.0,0.0,400.0,1000,1,0.9294189257142927
20.0,0.0,20.0,0.0,20.0,0.0,20.0,20.0,0.0,0.0,0.0,1867.064,0.0528666850960397,1000,25,2.0,8.5,Parabolic,"[6] Gorr et al., Adv. Eng. Mater. 23(5) (2021) 2001047 > Table/Fig. (AlCrMoNbTi oxidation data)",40.0,0.0,400.0,25000,1,0.9294189257142927
20.0,0.0,20.0,0.0,20.0,0.0,20.0,20.0,0.0,0.0,0.0,1867.064,0.0528666850960397,1000,50,2.0,8.5,Parabolic,"[6] Gorr et al., Adv. Eng. Mater. 23(5) (2021) 2001047 > Table/Fig. (AlCrMoNbTi oxidation data)",40.0,0.0,400.0,50000,1,0.9294189257142927
20.0,0.0,20.0,0.0,20.0,0.0,20.0,20.0,0.0,0.0,0.0,1867.064,0.0528666850960397,1100,1,2.0,15.2,Parabolic,"[6] Gorr et al., Adv. Eng. Mater. 23(5) (2021) 2001047 > Table/Fig. (AlCrMoNbTi oxidation data)",40.0,0.0,400.0,1100,1,1.1818435879447726
20.0,0.0,20.0,0.0,20.0,0.0,20.0,20.0,0.0,0.0,0.0,1867.064,0.0528666850960397,1100,25,2.0,15.2,Parabolic,"[6] Gorr et al., Adv. Eng. Mater. 23(5) (2021) 2001047 > Table/Fig. (AlCrMoNbTi oxidation data)",40.0,0.0,400.0,27500,1,1.1818435879447726
20.0,0.0,20.0,0.0,20.0,0.0,20.0,20.0,0.0,0.0,0.0,1867.064,0.0528666850960397,1100,50,2.0,15.2,Parabolic,"[6] Gorr et al., Adv. Eng. Mater. 23(5) (2021) 2001047 > Table/Fig. (AlCrMoNbTi oxidation data)",40.0,0.0,400.0,55000,1,1.1818435879447726
20.0,0.0,20.0,0.0,20.0,0.0,20.0,20.0,0.0,0.0,0.0,1867.064,0.0528666850960397,1200,1,2.0,28.4,Parabolic,"[6] Gorr et al., Adv. Eng. Mater. 23(5) (2021) 2001047 > Table/Fig. (AlCrMoNbTi oxidation data)",40.0,0.0,400.0,1200,1,1.4533183400470377
20.0,0.0,20.0,0.0,20.0,0.0,20.0,20.0,0.0,0.0,0.0,1867.064,0.0528666850960397,1200,25,2.0,28.4,Parabolic,"[6] Gorr et al., Adv. Eng. Mater. 23(5) (2021) 2001047 > Table/Fig. (AlCrMoNbTi oxidation data)",40.0,0.0,400.0,30000,1,1.4533183400470377
20.0,0.0,20.0,0.0,20.0,0.0,20.0,20.0,0.0,0.0,0.0,1867.064,0.0528666850960397,1200,50,2.0,28.4,Parabolic,"[6] Gorr et al., Adv. Eng. Mater. 23(5) (2021) 2001047 > Table/Fig. (AlCrMoNbTi oxidation data)",40.0,0.0,400.0,60000,1,1.4533183400470377
20.0,0.0,20.0,0.0,20.0,0.0,20.0,20.0,0.0,0.0,0.0,1867.064,0.0528666850960397,1300,1,1.8,42.0,Parabolic,"[6] Gorr et al., Adv. Eng. Mater. 23(5) (2021) 2001047 > Table/Fig. (AlCrMoNbTi oxidation data)",40.0,0.0,400.0,1300,1,1.6232492903979006
20.0,0.0,20.0,0.0,20.0,0.0,20.0,20.0,0.0,0.0,0.0,1867.064,0.0528666850960397,1300,12,1.8,42.0,Parabolic,"[6] Gorr et al., Adv. Eng. Mater. 23(5) (2021) 2001047 > Table/Fig. (AlCrMoNbTi oxidation data)",40.0,0.0,400.0,15600,1,1.6232492903979006
20.0,0.0,20.0,0.0,20.0,0.0,20.0,20.0,0.0,0.0,0.0,1867.064,0.0528666850960397,1300,24,1.8,42.0,Parabolic,"[6] Gorr et al., Adv. Eng. Mater. 23(5) (2021) 2001047 > Table/Fig. (AlCrMoNbTi oxidation data)",40.0,0.0,400.0,31200,1,1.6232492903979006
20.0,0.0,20.0,0.0,20.0,0.0,0.0,20.0,0.0,20.0,0.0,1975.064,0.0528666850960397,1000,1,2.0,5.3,Parabolic,"[6] Gorr et al., Adv. Eng. Mater. 23(5) (2021) 2001047 > Table/Fig. (AlCrMoTaTi oxidation data)",40.0,0.0,400.0,1000,1,0.724275869600789
20.0,0.0,20.0,0.0,20.0,0.0,0.0,20.0,0.0,20.0,0.0,1975.064,0.0528666850960397,1000,24,2.0,5.3,Parabolic,"[6] Gorr et al., Adv. Eng. Mater. 23(5) (2021) 2001047 > Table/Fig. (AlCrMoTaTi oxidation data)",40.0,0.0,400.0,24000,1,0.724275869600789
20.0,0.0,20.0,0.0,20.0,0.0,0.0,20.0,0.0,20.0,0.0,1975.064,0.0528666850960397,1000,48,2.0,5.3,Parabolic,"[6] Gorr et al., Adv. Eng. Mater. 23(5) (2021) 2001047 > Table/Fig. (AlCrMoTaTi oxidation data)",40.0,0.0,400.0,48000,1,0.724275869600789
20.0,0.0,20.0,0.0,20.0,0.0,0.0,20.0,0.0,20.0,0.0,1975.064,0.0528666850960397,1100,1,2.0,9.8,Parabolic,"[6] Gorr et al., Adv. Eng. Mater. 23(5) (2021) 2001047 > Table/Fig. (AlCrMoTaTi oxidation data)",40.0,0.0,400.0,1100,1,0.9912260756924949
20.0,0.0,20.0,0.0,20.0,0.0,0.0,20.0,0.0,20.0,0.0,1975.064,0.0528666850960397,1100,24,2.0,9.8,Parabolic,"[6] Gorr et al., Adv. Eng. Mater. 23(5) (2021) 2001047 > Table/Fig. (AlCrMoTaTi oxidation data)",40.0,0.0,400.0,26400,1,0.9912260756924949
20.0,0.0,20.0,0.0,20.0,0.0,0.0,20.0,0.0,20.0,0.0,1975.064,0.0528666850960397,1100,48,2.0,9.8,Parabolic,"[6] Gorr et al., Adv. Eng. Mater. 23(5) (2021) 2001047 > Table/Fig. (AlCrMoTaTi oxidation data)",40.0,0.0,400.0,52800,1,0.9912260756924949
20.0,0.0,20.0,0.0,20.0,0.0,0.0,20.0,0.0,20.0,0.0,1975.064,0.0528666850960397,1200,1,2.0,22.1,Parabolic,"[6] Gorr et al., Adv. Eng. Mater. 23(5) (2021) 2001047 > Table/Fig. (AlCrMoTaTi oxidation data)",40.0,0.0,400.0,1200,1,1.3443922736851108
20.0,0.0,20.0,0.0,20.0,0.0,0.0,20.0,0.0,20.0,0.0,1975.064,0.0528666850960397,1200,24,2.0,22.1,Parabolic,"[6] Gorr et al., Adv. Eng. Mater. 23(5) (2021) 2001047 > Table/Fig. (AlCrMoTaTi oxidation data)",40.0,0.0,400.0,28800,1,1.3443922736851108
20.0,0.0,20.0,0.0,20.0,0.0,0.0,20.0,0.0,20.0,0.0,1975.064,0.0528666850960397,1200,48,2.0,22.1,Parabolic,"[6] Gorr et al., Adv. Eng. Mater. 23(5) (2021) 2001047 > Table/Fig. (AlCrMoTaTi oxidation data)",40.0,0.0,400.0,57600,1,1.3443922736851108
20.0,0.0,20.0,0.0,20.0,0.0,0.0,20.0,0.0,20.0,0.0,1975.064,0.0528666850960397,1300,1,1.9,38.5,Parabolic,"[6] Gorr et al., Adv. Eng. Mater. 23(5) (2021) 2001047 > Table/Fig. (AlCrMoTaTi oxidation data)",40.0,0.0,400.0,1300,1,1.5854607295085006
20.0,0.0,20.0,0.0,20.0,0.0,0.0,20.0,0.0,20.0,0.0,1975.064,0.0528666850960397,1300,24,1.9,38.5,Parabolic,"[6] Gorr et al., Adv. Eng. Mater. 23(5) (2021) 2001047 > Table/Fig. (AlCrMoTaTi oxidation data)",40.0,0.0,400.0,31200,1,1.5854607295085006
20.0,0.0,20.0,0.0,20.0,0.0,0.0,20.0,0.0,20.0,0.0,1975.064,0.0528666850960397,1300,48,1.9,38.5,Parabolic,"[6] Gorr et al., Adv. Eng. Mater. 23(5) (2021) 2001047 > Table/Fig. (AlCrMoTaTi oxidation data)",40.0,0.0,400.0,62400,1,1.5854607295085006
20.0,0.0,20.0,0.0,20.0,20.0,20.0,0.0,0.0,0.0,0.0,1713.4640000000002,0.0687614164172528,800,1,2.1,3.2,Parabolic,"[6] Gorr et al., Adv. Eng. Mater. 23(5) (2021) 2001047 > Table/Fig. (AlCrNbTiZr oxidation data)",40.0,20.0,400.0,800,2,0.505149978319906
20.0,0.0,20.0,0.0,20.0,20.0,20.0,0.0,0.0,0.0,0.0,1713.4640000000002,0.0687614164172528,800,50,2.1,3.2,Parabolic,"[6] Gorr et al., Adv. Eng. Mater. 23(5) (2021) 2001047 > Table/Fig. (AlCrNbTiZr oxidation data)",40.0,20.0,400.0,40000,2,0.505149978319906
20.0,0.0,20.0,0.0,20.0,20.0,20.0,0.0,0.0,0.0,0.0,1713.4640000000002,0.0687614164172528,800,100,2.1,3.2,Parabolic,"[6] Gorr et al., Adv. Eng. Mater. 23(5) (2021) 2001047 > Table/Fig. (AlCrNbTiZr oxidation data)",40.0,20.0,400.0,80000,2,0.505149978319906
20.0,0.0,20.0,0.0,20.0,20.0,20.0,0.0,0.0,0.0,0.0,1713.4640000000002,0.0687614164172528,1000,1,2.0,12.5,Parabolic,"[6] Gorr et al., Adv. Eng. Mater. 23(5) (2021) 2001047 > Table/Fig. (AlCrNbTiZr oxidation data)",40.0,20.0,400.0,1000,1,1.0969100130080565
20.0,0.0,20.0,0.0,20.0,20.0,20.0,0.0,0.0,0.0,0.0,1713.4640000000002,0.0687614164172528,1000,50,2.0,12.5,Parabolic,"[6] Gorr et al., Adv. Eng. Mater. 23(5) (2021) 2001047 > Table/Fig. (AlCrNbTiZr oxidation data)",40.0,20.0,400.0,50000,1,1.0969100130080565
20.0,0.0,20.0,0.0,20.0,20.0,20.0,0.0,0.0,0.0,0.0,1713.4640000000002,0.0687614164172528,1000,100,2.0,12.5,Parabolic,"[6] Gorr et al., Adv. Eng. Mater. 23(5) (2021) 2001047 > Table/Fig. (AlCrNbTiZr oxidation data)",40.0,20.0,400.0,100000,1,1.0969100130080565
20.0,0.0,20.0,0.0,20.0,20.0,20.0,0.0,0.0,0.0,0.0,1713.4640000000002,0.0687614164172528,1100,1,1.9,25.0,Parabolic,"[6] Gorr et al., Adv. Eng. Mater. 23(5) (2021) 2001047 > Table/Fig. (AlCrNbTiZr oxidation data)",40.0,20.0,400.0,1100,1,1.3979400086720377
20.0,0.0,20.0,0.0,20.0,20.0,20.0,0.0,0.0,0.0,0.0,1713.4640000000002,0.0687614164172528,1100,25,1.9,25.0,Parabolic,"[6] Gorr et al., Adv. Eng. Mater. 23(5) (2021) 2001047 > Table/Fig. (AlCrNbTiZr oxidation data)",40.0,20.0,400.0,27500,1,1.3979400086720377
20.0,0.0,20.0,0.0,20.0,20.0,20.0,0.0,0.0,0.0,0.0,1713.4640000000002,0.0687614164172528,1100,50,1.9,25.0,Parabolic,"[6] Gorr et al., Adv. Eng. Mater. 23(5) (2021) 2001047 > Table/Fig. (AlCrNbTiZr oxidation data)",40.0,20.0,400.0,55000,1,1.3979400086720377
19.05,0.0,19.05,0.0,0.0,23.81,19.05,9.52,0.0,9.52,0.0,1894.01696,0.0698012277238854,1000,1,2.0,18.0,Parabolic,"[8] Schellert et al., Corros. Sci. 192 (2021) 109861 > Fig./Table (AlMoNbTaTiZr variant)",19.05,23.81,0.0,1000,1,1.255272505103306
19.05,0.0,19.05,0.0,0.0,23.81,19.05,9.52,0.0,9.52,0.0,1894.01696,0.0698012277238854,1000,50,2.0,18.0,Parabolic,"[8] Schellert et al., Corros. Sci. 192 (2021) 109861 > Fig./Table (AlMoNbTaTiZr variant)",19.05,23.81,0.0,50000,1,1.255272505103306
19.05,0.0,19.05,0.0,0.0,23.81,19.05,9.52,0.0,9.52,0.0,1894.01696,0.0698012277238854,1000,100,2.0,18.0,Parabolic,"[8] Schellert et al., Corros. Sci. 192 (2021) 109861 > Fig./Table (AlMoNbTaTiZr variant)",19.05,23.81,0.0,100000,1,1.255272505103306
19.05,0.0,19.05,0.0,0.0,23.81,19.05,9.52,0.0,9.52,0.0,1894.01696,0.0698012277238854,1100,1,2.0,25.5,Parabolic,"[8] Schellert et al., Corros. Sci. 192 (2021) 109861 > Fig./Table (AlMoNbTaTiZr variant)",19.05,23.81,0.0,1100,1,1.4065401804339552
19.05,0.0,19.05,0.0,0.0,23.81,19.05,9.52,0.0,9.52,0.0,1894.01696,0.0698012277238854,1100,50,2.0,25.5,Parabolic,"[8] Schellert et al., Corros. Sci. 192 (2021) 109861 > Fig./Table (AlMoNbTaTiZr variant)",19.05,23.81,0.0,55000,1,1.4065401804339552
19.05,0.0,19.05,0.0,0.0,23.81,19.05,9.52,0.0,9.52,0.0,1894.01696,0.0698012277238854,1100,100,2.0,25.5,Parabolic,"[8] Schellert et al., Corros. Sci. 192 (2021) 109861 > Fig./Table (AlMoNbTaTiZr variant)",19.05,23.81,0.0,110000,1,1.4065401804339552
19.05,0.0,19.05,0.0,0.0,23.81,19.05,9.52,0.0,9.52,0.0,1894.01696,0.0698012277238854,1200,1,1.8,55.0,Parabolic,"[8] Schellert et al., Corros. Sci. 192 (2021) 109861 > Fig./Table (AlMoNbTaTiZr variant)",19.05,23.81,0.0,1200,1,1.7403626894942439
19.05,0.0,19.05,0.0,0.0,23.81,19.05,9.52,0.0,9.52,0.0,1894.01696,0.0698012277238854,1200,50,1.8,55.0,Parabolic,"[8] Schellert et al., Corros. Sci. 192 (2021) 109861 > Fig./Table (AlMoNbTaTiZr variant)",19.05,23.81,0.0,60000,1,1.7403626894942439
19.05,0.0,19.05,0.0,0.0,23.81,19.05,9.52,0.0,9.52,0.0,1894.01696,0.0698012277238854,1200,100,1.8,55.0,Parabolic,"[8] Schellert et al., Corros. Sci. 192 (2021) 109861 > Fig./Table (AlMoNbTaTiZr variant)",19.05,23.81,0.0,120000,1,1.7403626894942439
0.0,0.0,19.05,0.0,19.05,23.81,19.05,9.52,0.0,9.52,0.0,2131.5095,0.0395528609911998,1000,1,2.0,22.0,Parabolic,"[8] Schellert et al., Corros. Sci. 192 (2021) 109861 > Fig./Table (CrMoNbTaTiZr variant)",19.05,23.81,0.0,1000,1,1.3424226808222062
0.0,0.0,19.05,0.0,19.05,23.81,19.05,9.52,0.0,9.52,0.0,2131.5095,0.0395528609911998,1000,50,2.0,22.0,Parabolic,"[8] Schellert et al., Corros. Sci. 192 (2021) 109861 > Fig./Table (CrMoNbTaTiZr variant)",19.05,23.81,0.0,50000,1,1.3424226808222062
0.0,0.0,19.05,0.0,19.05,23.81,19.05,9.52,0.0,9.52,0.0,2131.5095,0.0395528609911998,1000,100,2.0,22.0,Parabolic,"[8] Schellert et al., Corros. Sci. 192 (2021) 109861 > Fig./Table (CrMoNbTaTiZr variant)",19.05,23.81,0.0,100000,1,1.3424226808222062
0.0,0.0,19.05,0.0,19.05,23.81,19.05,9.52,0.0,9.52,0.0,2131.5095,0.0395528609911998,1100,1,2.0,35.0,Parabolic,"[8] Schellert et al., Corros. Sci. 192 (2021) 109861 > Fig./Table (CrMoNbTaTiZr variant)",19.05,23.81,0.0,1100,1,1.5440680443502757
0.0,0.0,19.05,0.0,19.05,23.81,19.05,9.52,0.0,9.52,0.0,2131.5095,0.0395528609911998,1100,50,2.0,35.0,Parabolic,"[8] Schellert et al., Corros. Sci. 192 (2021) 109861 > Fig./Table (CrMoNbTaTiZr variant)",19.05,23.81,0.0,55000,1,1.5440680443502757
0.0,0.0,19.05,0.0,19.05,23.81,19.05,9.52,0.0,9.52,0.0,2131.5095,0.0395528609911998,1100,100,2.0,35.0,Parabolic,"[8] Schellert et al., Corros. Sci. 192 (2021) 109861 > Fig./Table (CrMoNbTaTiZr variant)",19.05,23.81,0.0,110000,1,1.5440680443502757
0.0,0.0,19.05,0.0,19.05,23.81,19.05,9.52,0.0,9.52,0.0,2131.5095,0.0395528609911998,1200,1,1.6,65.0,Parabolic,"[8] Schellert et al., Corros. Sci. 192 (2021) 109861 > Fig./Table (CrMoNbTaTiZr variant)",19.05,23.81,0.0,1200,1,1.8129133566428555
0.0,0.0,19.05,0.0,19.05,23.81,19.05,9.52,0.0,9.52,0.0,2131.5095,0.0395528609911998,1200,25,1.6,65.0,Parabolic,"[8] Schellert et al., Corros. Sci. 192 (2021) 109861 > Fig./Table (CrMoNbTaTiZr variant)",19.05,23.81,0.0,30000,1,1.8129133566428555
0.0,0.0,19.05,0.0,19.05,23.81,19.05,9.52,0.0,9.52,0.0,2131.5095,0.0395528609911998,1200,50,1.6,65.0,Parabolic,"[8] Schellert et al., Corros. Sci. 192 (2021) 109861 > Fig./Table (CrMoNbTaTiZr variant)",19.05,23.81,0.0,60000,1,1.8129133566428555
25.0,0.0,25.0,0.0,0.0,25.0,25.0,0.0,0.0,0.0,0.0,1665.08,0.0766394162641096,600,1,2.0,1.3,Parabolic,"[18] Lo et al., Sci. Reports 9(1) (2019) 7266 > Table/Fig. (AlTiZrNb oxidation data)",25.0,25.0,0.0,600,1,0.11394335230683679
25.0,0.0,25.0,0.0,0.0,25.0,25.0,0.0,0.0,0.0,0.0,1665.08,0.0766394162641096,600,50,2.0,1.3,Parabolic,"[18] Lo et al., Sci. Reports 9(1) (2019) 7266 > Table/Fig. (AlTiZrNb oxidation data)",25.0,25.0,0.0,30000,1,0.11394335230683679
25.0,0.0,25.0,0.0,0.0,25.0,25.0,0.0,0.0,0.0,0.0,1665.08,0.0766394162641096,600,100,2.0,1.3,Parabolic,"[18] Lo et al., Sci. Reports 9(1) (2019) 7266 > Table/Fig. (AlTiZrNb oxidation data)",25.0,25.0,0.0,60000,1,0.11394335230683679
25.0,0.0,25.0,0.0,0.0,25.0,25.0,0.0,0.0,0.0,0.0,1665.08,0.0766394162641096,700,1,2.0,5.6,Parabolic,"[18] Lo et al., Sci. Reports 9(1) (2019) 7266 > Table/Fig. (AlTiZrNb oxidation data)",25.0,25.0,0.0,700,1,0.7481880270062004
25.0,0.0,25.0,0.0,0.0,25.0,25.0,0.0,0.0,0.0,0.0,1665.08,0.0766394162641096,700,50,2.0,5.6,Parabolic,"[18] Lo et al., Sci. Reports 9(1) (2019) 7266 > Table/Fig. (AlTiZrNb oxidation data)",25.0,25.0,0.0,35000,1,0.7481880270062004
25.0,0.0,25.0,0.0,0.0,25.0,25.0,0.0,0.0,0.0,0.0,1665.08,0.0766394162641096,700,100,2.0,5.6,Parabolic,"[18] Lo et al., Sci. Reports 9(1) (2019) 7266 > Table/Fig. (AlTiZrNb oxidation data)",25.0,25.0,0.0,70000,1,0.7481880270062004
25.0,0.0,25.0,0.0,0.0,25.0,25.0,0.0,0.0,0.0,0.0,1665.08,0.0766394162641096,800,1,2.0,8.8,Parabolic,"[18] Lo et al., Sci. Reports 9(1) (2019) 7266 > Table/Fig. (AlTiZrNb oxidation data)",25.0,25.0,0.0,800,1,0.9444826721501687
25.0,0.0,25.0,0.0,0.0,25.0,25.0,0.0,0.0,0.0,0.0,1665.08,0.0766394162641096,800,50,2.0,8.8,Parabolic,"[18] Lo et al., Sci. Reports 9(1) (2019) 7266 > Table/Fig. (AlTiZrNb oxidation data)",25.0,25.0,0.0,40000,1,0.9444826721501687
25.0,0.0,25.0,0.0,0.0,25.0,25.0,0.0,0.0,0.0,0.0,1665.08,0.0766394162641096,800,100,2.0,8.8,Parabolic,"[18] Lo et al., Sci. Reports 9(1) (2019) 7266 > Table/Fig. (AlTiZrNb oxidation data)",25.0,25.0,0.0,80000,1,0.9444826721501687
20.0,0.0,30.0,0.0,0.0,10.0,30.0,0.0,0.0,10.0,0.0,1862.764,0.062556568794473,1000,1,2.0,25.0,Parabolic,"[3] Senkov et al., J. Mater. Res. 33(19) (2018) > Review dataset (Al20Ti30Zr10Nb30Ta10)",20.0,10.0,0.0,1000,1,1.3979400086720377
20.0,0.0,30.0,0.0,0.0,10.0,30.0,0.0,0.0,10.0,0.0,1862.764,0.062556568794473,1000,25,2.0,25.0,Parabolic,"[3] Senkov et al., J. Mater. Res. 33(19) (2018) > Review dataset (Al20Ti30Zr10Nb30Ta10)",20.0,10.0,0.0,25000,1,1.3979400086720377
20.0,0.0,30.0,0.0,0.0,10.0,30.0,0.0,0.0,10.0,0.0,1862.764,0.062556568794473,1000,50,2.0,25.0,Parabolic,"[3] Senkov et al., J. Mater. Res. 33(19) (2018) > Review dataset (Al20Ti30Zr10Nb30Ta10)",20.0,10.0,0.0,50000,1,1.3979400086720377
20.0,0.0,30.0,0.0,0.0,10.0,30.0,0.0,0.0,10.0,0.0,1862.764,0.062556568794473,1100,1,1.8,48.0,Parabolic,"[3] Senkov et al., J. Mater. Res. 33(19) (2018) > Review dataset (Al20Ti30Zr10Nb30Ta10)",20.0,10.0,0.0,1100,1,1.6812412373755872
20.0,0.0,30.0,0.0,0.0,10.0,30.0,0.0,0.0,10.0,0.0,1862.764,0.062556568794473,1100,25,1.8,48.0,Parabolic,"[3] Senkov et al., J. Mater. Res. 33(19) (2018) > Review dataset (Al20Ti30Zr10Nb30Ta10)",20.0,10.0,0.0,27500,1,1.6812412373755872
20.0,0.0,30.0,0.0,0.0,10.0,30.0,0.0,0.0,10.0,0.0,1862.764,0.062556568794473,1100,50,1.8,48.0,Parabolic,"[3] Senkov et al., J. Mater. Res. 33(19) (2018) > Review dataset (Al20Ti30Zr10Nb30Ta10)",20.0,10.0,0.0,55000,1,1.6812412373755872
20.0,0.0,30.0,0.0,0.0,10.0,30.0,0.0,0.0,10.0,0.0,1862.764,0.062556568794473,1300,1,1.7,95.0,Parabolic,"[3] Senkov et al., J. Mater. Res. 33(19) (2018) > Review dataset (Al20Ti30Zr10Nb30Ta10)",20.0,10.0,0.0,1300,1,1.9777236052888478
20.0,0.0,30.0,0.0,0.0,10.0,30.0,0.0,0.0,10.0,0.0,1862.764,0.062556568794473,1300,12,1.7,95.0,Parabolic,"[3] Senkov et al., J. Mater. Res. 33(19) (2018) > Review dataset (Al20Ti30Zr10Nb30Ta10)",20.0,10.0,0.0,15600,1,1.9777236052888478
20.0,0.0,30.0,0.0,0.0,10.0,30.0,0.0,0.0,10.0,0.0,1862.764,0.062556568794473,1300,24,1.7,95.0,Parabolic,"[3] Senkov et al., J. Mater. Res. 33(19) (2018) > Review dataset (Al20Ti30Zr10Nb30Ta10)",20.0,10.0,0.0,31200,1,1.9777236052888478
9.09,0.0,18.18,0.0,0.0,18.18,18.18,0.0,18.18,18.18,0.0,2105.273088,0.0599263946684309,700,1,1.5,14.0,Parabolic,"[18] Lo et al., Sci. Reports 9(1) (2019) 7266 > Table/Fig. (Al9TiZrNbHfTa variant)",9.09,18.18,0.0,700,1,1.146128035678238
9.09,0.0,18.18,0.0,0.0,18.18,18.18,0.0,18.18,18.18,0.0,2105.273088,0.0599263946684309,700,24,1.5,14.0,Parabolic,"[18] Lo et al., Sci. Reports 9(1) (2019) 7266 > Table/Fig. (Al9TiZrNbHfTa variant)",9.09,18.18,0.0,16800,1,1.146128035678238
9.09,0.0,18.18,0.0,0.0,18.18,18.18,0.0,18.18,18.18,0.0,2105.273088,0.0599263946684309,700,48,1.5,14.0,Parabolic,"[18] Lo et al., Sci. Reports 9(1) (2019) 7266 > Table/Fig. (Al9TiZrNbHfTa variant)",9.09,18.18,0.0,33600,1,1.146128035678238
13.04,0.0,17.39,0.0,0.0,17.39,17.39,0.0,17.39,17.39,0.0,2042.480728,0.0658991917424672,700,1,1.8,11.0,Parabolic,"[18] Lo et al., Sci. Reports 9(1) (2019) 7266 > Table/Fig. (Al13TiZrNbHfTa variant)",13.04,17.39,0.0,700,1,1.0413926851582251
13.04,0.0,17.39,0.0,0.0,17.39,17.39,0.0,17.39,17.39,0.0,2042.480728,0.0658991917424672,700,24,1.8,11.0,Parabolic,"[18] Lo et al., Sci. Reports 9(1) (2019) 7266 > Table/Fig. (Al13TiZrNbHfTa variant)",13.04,17.39,0.0,16800,1,1.0413926851582251
13.04,0.0,17.39,0.0,0.0,17.39,17.39,0.0,17.39,17.39,0.0,2042.480728,0.0658991917424672,700,48,1.8,11.0,Parabolic,"[18] Lo et al., Sci. Reports 9(1) (2019) 7266 > Table/Fig. (Al13TiZrNbHfTa variant)",13.04,17.39,0.0,33600,1,1.0413926851582251
16.67,0.0,16.67,0.0,0.0,16.67,16.67,0.0,16.67,16.67,0.0,1985.450344,0.0705513536174724,700,1,2.0,10.0,Parabolic,"[18] Lo et al., Sci. Reports 9(1) (2019) 7266 > Table/Fig. (Al16.67TiZrNbHfTa variant)",16.67,16.67,0.0,700,1,1.0
16.67,0.0,16.67,0.0,0.0,16.67,16.67,0.0,16.67,16.67,0.0,1985.450344,0.0705513536174724,700,24,2.0,10.0,Parabolic,"[18] Lo et al., Sci. Reports 9(1) (2019) 7266 > Table/Fig. (Al16.67TiZrNbHfTa variant)",16.67,16.67,0.0,16800,1,1.0
16.67,0.0,16.67,0.0,0.0,16.67,16.67,0.0,16.67,16.67,0.0,1985.450344,0.0705513536174724,700,48,2.0,10.0,Parabolic,"[18] Lo et al., Sci. Reports 9(1) (2019) 7266 > Table/Fig. (Al16.67TiZrNbHfTa variant)",16.67,16.67,0.0,33600,1,1.0
17.6,2.9,5.4,0.0,25.2,0.0,15.2,20.3,0.0,13.4,0.0,2041.10932,0.0630729087496409,1100,1,2.0,4.0,Parabolic,"[18] Lo et al., Sci. Reports 9(1) (2019) 7266 > Table 1/Fig. 3 (AlSiTiCrNbMoTa at 1100°C, Parabolic kinetics)",45.699999999999996,0.0,443.52000000000004,1100,1,0.6020599913279624
17.6,2.9,5.4,0.0,25.2,0.0,15.2,20.3,0.0,13.4,0.0,2041.10932,0.0630729087496409,1100,100,2.0,4.0,Parabolic,"[18] Lo et al., Sci. Reports 9(1) (2019) 7266 > Table 1/Fig. 3 (AlSiTiCrNbMoTa at 1100°C, Parabolic kinetics)",45.699999999999996,0.0,443.52000000000004,110000,1,0.6020599913279624
17.6,2.9,5.4,0.0,25.2,0.0,15.2,20.3,0.0,13.4,0.0,2041.10932,0.0630729087496409,1100,200,2.0,4.0,Parabolic,"[18] Lo et al., Sci. Reports 9(1) (2019) 7266 > Table 1/Fig. 3 (AlSiTiCrNbMoTa at 1100°C, Parabolic kinetics)",45.699999999999996,0.0,443.52000000000004,220000,1,0.6020599913279624
17.6,2.9,5.4,0.0,25.2,0.0,15.2,20.3,0.0,13.4,0.0,2041.10932,0.0630729087496409,1200,1,1.8,8.0,Parabolic,"[4] Lo et al., Intermetallics 119 (2020) 106711 > Table/Fig. (AlSiTiCrNbMoTa at 1200°C, Parabolic kinetics)",45.699999999999996,0.0,443.52000000000004,1200,1,0.9030899869919435
17.6,2.9,5.4,0.0,25.2,0.0,15.2,20.3,0.0,13.4,0.0,2041.10932,0.0630729087496409,1200,100,1.8,8.0,Parabolic,"[4] Lo et al., Intermetallics 119 (2020) 106711 > Table/Fig. (AlSiTiCrNbMoTa at 1200°C, Parabolic kinetics)",45.699999999999996,0.0,443.52000000000004,120000,1,0.9030899869919435
17.6,2.9,5.4,0.0,25.2,0.0,15.2,20.3,0.0,13.4,0.0,2041.10932,0.0630729087496409,1200,200,1.8,8.0,Parabolic,"[4] Lo et al., Intermetallics 119 (2020) 106711 > Table/Fig. (AlSiTiCrNbMoTa at 1200°C, Parabolic kinetics)",45.699999999999996,0.0,443.52000000000004,240000,1,0.9030899869919435
25.0,0.0,25.0,0.0,0.0,0.0,25.0,25.0,0.0,0.0,0.0,1857.08,0.0590760227414594,1000,1,2.0,12.0,Parabolic,"[6] Gorr et al., Adv. Eng. Mater. 23(5) (2021) 2001047 > Table/Fig. (AlMoNbTi oxidation data)",25.0,0.0,0.0,1000,1,1.0791812460476249
25.0,0.0,25.0,0.0,0.0,0.0,25.0,25.0,0.0,0.0,0.0,1857.08,0.0590760227414594,1000,25,2.0,12.0,Parabolic,"[6] Gorr et al., Adv. Eng. Mater. 23(5) (2021) 2001047 > Table/Fig. (AlMoNbTi oxidation data)",25.0,0.0,0.0,25000,1,1.0791812460476249
25.0,0.0,25.0,0.0,0.0,0.0,25.0,25.0,0.0,0.0,0.0,1857.08,0.0590760227414594,1000,50,2.0,12.0,Parabolic,"[6] Gorr et al., Adv. Eng. Mater. 23(5) (2021) 2001047 > Table/Fig. (AlMoNbTi oxidation data)",25.0,0.0,0.0,50000,1,1.0791812460476249
25.0,0.0,25.0,0.0,0.0,0.0,25.0,25.0,0.0,0.0,0.0,1857.08,0.0590760227414594,1200,1,1.8,28.0,Parabolic,"[6] Gorr et al., Adv. Eng. Mater. 23(5) (2021) 2001047 > Table/Fig. (AlMoNbTi oxidation data)",25.0,0.0,0.0,1200,1,1.4471580313422192
25.0,0.0,25.0,0.0,0.0,0.0,25.0,25.0,0.0,0.0,0.0,1857.08,0.0590760227414594,1200,25,1.8,28.0,Parabolic,"[6] Gorr et al., Adv. Eng. Mater. 23(5) (2021) 2001047 > Table/Fig. (AlMoNbTi oxidation data)",25.0,0.0,0.0,30000,1,1.4471580313422192
25.0,0.0,25.0,0.0,0.0,0.0,25.0,25.0,0.0,0.0,0.0,1857.08,0.0590760227414594,1200,50,1.8,28.0,Parabolic,"[6] Gorr et al., Adv. Eng. Mater. 23(5) (2021) 2001047 > Table/Fig. (AlMoNbTi oxidation data)",25.0,0.0,0.0,60000,1,1.4471580313422192
25.0,0.0,25.0,0.0,0.0,0.0,25.0,25.0,0.0,0.0,0.0,1857.08,0.0590760227414594,1300,1,1.6,55.0,Parabolic,"[6] Gorr et al., Adv. Eng. Mater. 23(5) (2021) 2001047 > Table/Fig. (AlMoNbTi oxidation data)",25.0,0.0,0.0,1300,1,1.7403626894942439
25.0,0.0,25.0,0.0,0.0,0.0,25.0,25.0,0.0,0.0,0.0,1857.08,0.0590760227414594,1300,12,1.6,55.0,Parabolic,"[6] Gorr et al., Adv. Eng. Mater. 23(5) (2021) 2001047 > Table/Fig. (AlMoNbTi oxidation data)",25.0,0.0,0.0,15600,1,1.7403626894942439
25.0,0.0,25.0,0.0,0.0,0.0,25.0,25.0,0.0,0.0,0.0,1857.08,0.0590760227414594,1300,24,1.6,55.0,Parabolic,"[6] Gorr et al., Adv. Eng. Mater. 23(5) (2021) 2001047 > Table/Fig. (AlMoNbTi oxidation data)",25.0,0.0,0.0,31200,1,1.7403626894942439
0.0,0.0,25.0,0.0,25.0,25.0,25.0,0.0,0.0,0.0,0.0,1976.75,0.0422325817721237,1000,8,1.5,7.95,Parabolic,"[6] Gorr et al., Adv. Eng. Mater. 23(5) (2021) 2001047 > Table/Fig. (CrNbTiZr oxidation data)",25.0,25.0,0.0,8000,1,0.9003671286564703
0.0,0.0,25.0,0.0,25.0,25.0,25.0,0.0,0.0,0.0,0.0,1976.75,0.0422325817721237,1000,16,1.5,7.95,Parabolic,"[6] Gorr et al., Adv. Eng. Mater. 23(5) (2021) 2001047 > Table/Fig. (CrNbTiZr oxidation data)",25.0,25.0,0.0,16000,1,0.9003671286564703
0.0,0.0,25.0,0.0,25.0,25.0,25.0,0.0,0.0,0.0,0.0,1976.75,0.0422325817721237,1000,24,1.5,7.95,Parabolic,"[6] Gorr et al., Adv. Eng. Mater. 23(5) (2021) 2001047 > Table/Fig. (CrNbTiZr oxidation data)",25.0,25.0,0.0,24000,1,0.9003671286564703
0.0,0.0,0.0,0.0,0.0,0.0,25.0,25.0,0.0,25.0,25.0,2884.75,0.0303868562731381,1000,1,1.5,6.0,Parabolic,"[2] Senkov et al., Intermetallics 19(5) (2011) 698-706 > Table/Fig. (NbMoTaW oxidation data)",0.0,0.0,0.0,1000,1,0.7781512503836436
0.0,0.0,0.0,0.0,0.0,0.0,25.0,25.0,0.0,25.0,25.0,2884.75,0.0303868562731381,1000,24,1.5,6.0,Parabolic,"[2] Senkov et al., Intermetallics 19(5) (2011) 698-706 > Table/Fig. (NbMoTaW oxidation data)",0.0,0.0,0.0,24000,1,0.7781512503836436
0.0,0.0,0.0,0.0,0.0,0.0,25.0,25.0,0.0,25.0,25.0,2884.75,0.0303868562731381,1000,48,1.5,6.0,Parabolic,"[2] Senkov et al., Intermetallics 19(5) (2011) 698-706 > Table/Fig. (NbMoTaW oxidation data)",0.0,0.0,0.0,48000,1,0.7781512503836436
0.0,0.0,0.0,0.0,0.0,0.0,25.0,25.0,0.0,25.0,25.0,2884.75,0.0303868562731381,1200,1,1.5,18.0,Parabolic,"[2] Senkov et al., Intermetallics 19(5) (2011) 698-706 > Table/Fig. (NbMoTaW oxidation data)",0.0,0.0,0.0,1200,1,1.255272505103306
0.0,0.0,0.0,0.0,0.0,0.0,25.0,25.0,0.0,25.0,25.0,2884.75,0.0303868562731381,1200,24,1.5,18.0,Parabolic,"[2] Senkov et al., Intermetallics 19(5) (2011) 698-706 > Table/Fig. (NbMoTaW oxidation data)",0.0,0.0,0.0,28800,1,1.255272505103306
0.0,0.0,0.0,0.0,0.0,0.0,25.0,25.0,0.0,25.0,25.0,2884.75,0.0303868562731381,1200,48,1.5,18.0,Parabolic,"[2] Senkov et al., Intermetallics 19(5) (2011) 698-706 > Table/Fig. (NbMoTaW oxidation data)",0.0,0.0,0.0,57600,1,1.255272505103306
0.0,0.0,20.0,0.0,20.0,0.0,20.0,20.0,20.0,0.0,0.0,2181.6000000000004,0.0377739694831149,1000,1,2.0,10.0,Parabolic,"[3] Senkov et al., J. Mater. Res. 33(19) (2018) > Review dataset (TiCrNbMoHf oxidation data)",20.0,0.0,0.0,1000,1,1.0
0.0,0.0,20.0,0.0,20.0,0.0,20.0,20.0,20.0,0.0,0.0,2181.6000000000004,0.0377739694831149,1000,25,2.0,10.0,Parabolic,"[3] Senkov et al., J. Mater. Res. 33(19) (2018) > Review dataset (TiCrNbMoHf oxidation data)",20.0,0.0,0.0,25000,1,1.0
0.0,0.0,20.0,0.0,20.0,0.0,20.0,20.0,20.0,0.0,0.0,2181.6000000000004,0.0377739694831149,1000,50,2.0,10.0,Parabolic,"[3] Senkov et al., J. Mater. Res. 33(19) (2018) > Review dataset (TiCrNbMoHf oxidation data)",20.0,0.0,0.0,50000,1,1.0
0.0,0.0,20.0,0.0,20.0,0.0,20.0,20.0,20.0,0.0,0.0,2181.6000000000004,0.0377739694831149,1200,1,1.8,22.0,Parabolic,"[3] Senkov et al., J. Mater. Res. 33(19) (2018) > Review dataset (TiCrNbMoHf oxidation data)",20.0,0.0,0.0,1200,1,1.3424226808222062
0.0,0.0,20.0,0.0,20.0,0.0,20.0,20.0,20.0,0.0,0.0,2181.6000000000004,0.0377739694831149,1200,25,1.8,22.0,Parabolic,"[3] Senkov et al., J. Mater. Res. 33(19) (2018) > Review dataset (TiCrNbMoHf oxidation data)",20.0,0.0,0.0,30000,1,1.3424226808222062
0.0,0.0,20.0,0.0,20.0,0.0,20.0,20.0,20.0,0.0,0.0,2181.6000000000004,0.0377739694831149,1200,50,1.8,22.0,Parabolic,"[3] Senkov et al., J. Mater. Res. 33(19) (2018) > Review dataset (TiCrNbMoHf oxidation data)",20.0,0.0,0.0,60000,1,1.3424226808222062
0.0,0.0,0.0,0.0,0.0,25.0,25.0,25.0,0.0,25.0,0.0,2493.0,0.0293567933486251,800,1,1.8,15.0,Parabolic,"[3] Senkov et al., J. Mater. Res. 33(19) (2018) > Review dataset (ZrNbMoTa oxidation data)",0.0,25.0,0.0,800,1,1.1760912590556813
0.0,0.0,0.0,0.0,0.0,25.0,25.0,25.0,0.0,25.0,0.0,2493.0,0.0293567933486251,800,24,1.8,15.0,Parabolic,"[3] Senkov et al., J. Mater. Res. 33(19) (2018) > Review dataset (ZrNbMoTa oxidation data)",0.0,25.0,0.0,19200,1,1.1760912590556813
0.0,0.0,0.0,0.0,0.0,25.0,25.0,25.0,0.0,25.0,0.0,2493.0,0.0293567933486251,800,48,1.8,15.0,Parabolic,"[3] Senkov et al., J. Mater. Res. 33(19) (2018) > Review dataset (ZrNbMoTa oxidation data)",0.0,25.0,0.0,38400,1,1.1760912590556813
0.0,0.0,0.0,0.0,0.0,25.0,25.0,25.0,0.0,25.0,0.0,2493.0,0.0293567933486251,1000,1,1.5,35.0,Parabolic,"[3] Senkov et al., J. Mater. Res. 33(19) (2018) > Review dataset (ZrNbMoTa oxidation data)",0.0,25.0,0.0,1000,1,1.5440680443502757
0.0,0.0,0.0,0.0,0.0,25.0,25.0,25.0,0.0,25.0,0.0,2493.0,0.0293567933486251,1000,24,1.5,35.0,Parabolic,"[3] Senkov et al., J. Mater. Res. 33(19) (2018) > Review dataset (ZrNbMoTa oxidation data)",0.0,25.0,0.0,24000,1,1.5440680443502757
0.0,0.0,0.0,0.0,0.0,25.0,25.0,25.0,0.0,25.0,0.0,2493.0,0.0293567933486251,1000,48,1.5,35.0,Parabolic,"[3] Senkov et al., J. Mater. Res. 33(19) (2018) > Review dataset (ZrNbMoTa oxidation data)",0.0,25.0,0.0,48000,1,1.5440680443502757
0.0,0.0,0.0,0.0,0.0,0.0,0.0,0.0,33.33,33.33,33.34,2890.7198,0.0563119047002757,1000,1,1.5,5.0,Parabolic,"[6] Gorr et al., Adv. Eng. Mater. 23(5) (2021) 2001047 > Table/Fig. (HfTaW ternary oxidation data)",0.0,0.0,0.0,1000,1,0.6989700043360189
0.0,0.0,0.0,0.0,0.0,0.0,0.0,0.0,33.33,33.33,33.34,2890.7198,0.0563119047002757,1000,24,1.5,5.0,Parabolic,"[6] Gorr et al., Adv. Eng. Mater. 23(5) (2021) 2001047 > Table/Fig. (HfTaW ternary oxidation data)",0.0,0.0,0.0,24000,1,0.6989700043360189
0.0,0.0,0.0,0.0,0.0,0.0,0.0,0.0,33.33,33.33,33.34,2890.7198,0.0563119047002757,1000,48,1.5,5.0,Parabolic,"[6] Gorr et al., Adv. Eng. Mater. 23(5) (2021) 2001047 > Table/Fig. (HfTaW ternary oxidation data)",0.0,0.0,0.0,48000,1,0.6989700043360189
0.0,0.0,25.0,0.0,0.0,0.0,0.0,25.0,25.0,0.0,25.0,2486.5,0.0514441720269531,1000,1,1.6,8.0,Parabolic,"[3] Senkov et al., J. Mater. Res. 33(19) (2018) > Review dataset (TiMoHfW oxidation data)",0.0,0.0,0.0,1000,1,0.9030899869919435
0.0,0.0,25.0,0.0,0.0,0.0,0.0,25.0,25.0,0.0,25.0,2486.5,0.0514441720269531,1000,24,1.6,8.0,Parabolic,"[3] Senkov et al., J. Mater. Res. 33(19) (2018) > Review dataset (TiMoHfW oxidation data)",0.0,0.0,0.0,24000,1,0.9030899869919435
0.0,0.0,25.0,0.0,0.0,0.0,0.0,25.0,25.0,0.0,25.0,2486.5,0.0514441720269531,1000,48,1.6,8.0,Parabolic,"[3] Senkov et al., J. Mater. Res. 33(19) (2018) > Review dataset (TiMoHfW oxidation data)",0.0,0.0,0.0,48000,1,0.9030899869919435
0.0,0.0,22.5,0.0,10.0,0.0,22.5,22.5,0.0,22.5,0.0,2392.3250000000003,0.0163339093244943,1000,1,1.5,22.0,Parabolic,"[8] Schellert et al., Corros. Sci. 192 (2021) 109861 > Fig./Table (Cr10MoNbTaTi variant)",10.0,0.0,0.0,1000,1,1.3424226808222062
0.0,0.0,22.5,0.0,10.0,0.0,22.5,22.5,0.0,22.5,0.0,2392.3250000000003,0.0163339093244943,1000,25,1.5,22.0,Parabolic,"[8] Schellert et al., Corros. Sci. 192 (2021) 109861 > Fig./Table (Cr10MoNbTaTi variant)",10.0,0.0,0.0,25000,1,1.3424226808222062
0.0,0.0,22.5,0.0,10.0,0.0,22.5,22.5,0.0,22.5,0.0,2392.3250000000003,0.0163339093244943,1000,50,1.5,22.0,Parabolic,"[8] Schellert et al., Corros. Sci. 192 (2021) 109861 > Fig./Table (Cr10MoNbTaTi variant)",10.0,0.0,0.0,50000,1,1.3424226808222062
0.0,0.0,21.25,0.0,15.0,0.0,21.25,21.25,0.0,21.25,0.0,2365.3625,0.0167864552798161,1000,1,1.8,15.0,Parabolic,"[8] Schellert et al., Corros. Sci. 192 (2021) 109861 > Fig./Table (Cr15MoNbTaTi variant)",15.0,0.0,0.0,1000,1,1.1760912590556813
0.0,0.0,21.25,0.0,15.0,0.0,21.25,21.25,0.0,21.25,0.0,2365.3625,0.0167864552798161,1000,25,1.8,15.0,Parabolic,"[8] Schellert et al., Corros. Sci. 192 (2021) 109861 > Fig./Table (Cr15MoNbTaTi variant)",15.0,0.0,0.0,25000,1,1.1760912590556813
0.0,0.0,21.25,0.0,15.0,0.0,21.25,21.25,0.0,21.25,0.0,2365.3625,0.0167864552798161,1000,50,1.8,15.0,Parabolic,"[8] Schellert et al., Corros. Sci. 192 (2021) 109861 > Fig./Table (Cr15MoNbTaTi variant)",15.0,0.0,0.0,50000,1,1.1760912590556813
0.0,0.0,20.0,0.0,20.0,0.0,20.0,20.0,0.0,20.0,0.0,2338.4,0.0171292989005815,1000,1,2.0,10.0,Parabolic,"[8] Schellert et al., Corros. Sci. 192 (2021) 109861 > Fig./Table (CrMoNbTaTi equiatomic)",20.0,0.0,0.0,1000,1,1.0
0.0,0.0,20.0,0.0,20.0,0.0,20.0,20.0,0.0,20.0,0.0,2338.4,0.0171292989005815,1000,25,2.0,10.0,Parabolic,"[8] Schellert et al., Corros. Sci. 192 (2021) 109861 > Fig./Table (CrMoNbTaTi equiatomic)",20.0,0.0,0.0,25000,1,1.0
0.0,0.0,20.0,0.0,20.0,0.0,20.0,20.0,0.0,20.0,0.0,2338.4,0.0171292989005815,1000,50,2.0,10.0,Parabolic,"[8] Schellert et al., Corros. Sci. 192 (2021) 109861 > Fig./Table (CrMoNbTaTi equiatomic)",20.0,0.0,0.0,50000,1,1.0
0.0,0.0,18.75,0.0,25.0,0.0,18.75,18.75,0.0,18.75,0.0,2311.4375,0.0173681705321525,1000,1,2.2,7.0,Parabolic,"[8] Schellert et al., Corros. Sci. 192 (2021) 109861 > Fig./Table (CrMoNbTaTi variant)",25.0,0.0,0.0,1000,2,0.8450980400142568
0.0,0.0,18.75,0.0,25.0,0.0,18.75,18.75,0.0,18.75,0.0,2311.4375,0.0173681705321525,1000,25,2.2,7.0,Parabolic,"[8] Schellert et al., Corros. Sci. 192 (2021) 109861 > Fig./Table (CrMoNbTaTi variant)",25.0,0.0,0.0,25000,2,0.8450980400142568
0.0,0.0,18.75,0.0,25.0,0.0,18.75,18.75,0.0,18.75,0.0,2311.4375,0.0173681705321525,1000,50,2.2,7.0,Parabolic,"[8] Schellert et al., Corros. Sci. 192 (2021) 109861 > Fig./Table (CrMoNbTaTi variant)",25.0,0.0,0.0,50000,2,0.8450980400142568
0.0,0.0,22.5,0.0,10.0,0.0,22.5,22.5,0.0,22.5,0.0,2392.3250000000003,0.0163339093244943,1200,1,1.5,45.0,Parabolic,"[8] Schellert et al., Corros. Sci. 192 (2021) 109861 > Fig./Table (Cr10MoNbTaTi variant)",10.0,0.0,0.0,1200,1,1.6532125137753437
0.0,0.0,22.5,0.0,10.0,0.0,22.5,22.5,0.0,22.5,0.0,2392.3250000000003,0.0163339093244943,1200,25,1.5,45.0,Parabolic,"[8] Schellert et al., Corros. Sci. 192 (2021) 109861 > Fig./Table (Cr10MoNbTaTi variant)",10.0,0.0,0.0,30000,1,1.6532125137753437
0.0,0.0,22.5,0.0,10.0,0.0,22.5,22.5,0.0,22.5,0.0,2392.3250000000003,0.0163339093244943,1200,50,1.5,45.0,Parabolic,"[8] Schellert et al., Corros. Sci. 192 (2021) 109861 > Fig./Table (Cr10MoNbTaTi variant)",10.0,0.0,0.0,60000,1,1.6532125137753437
0.0,0.0,21.25,0.0,15.0,0.0,21.25,21.25,0.0,21.25,0.0,2365.3625,0.0167864552798161,1200,1,1.6,30.0,Parabolic,"[8] Schellert et al., Corros. Sci. 192 (2021) 109861 > Fig./Table (Cr15MoNbTaTi variant)",15.0,0.0,0.0,1200,1,1.4771212547196624
0.0,0.0,21.25,0.0,15.0,0.0,21.25,21.25,0.0,21.25,0.0,2365.3625,0.0167864552798161,1200,25,1.6,30.0,Parabolic,"[8] Schellert et al., Corros. Sci. 192 (2021) 109861 > Fig./Table (Cr15MoNbTaTi variant)",15.0,0.0,0.0,30000,1,1.4771212547196624
0.0,0.0,21.25,0.0,15.0,0.0,21.25,21.25,0.0,21.25,0.0,2365.3625,0.0167864552798161,1200,50,1.6,30.0,Parabolic,"[8] Schellert et al., Corros. Sci. 192 (2021) 109861 > Fig./Table (Cr15MoNbTaTi variant)",15.0,0.0,0.0,60000,1,1.4771212547196624
0.0,0.0,20.0,0.0,20.0,0.0,20.0,20.0,0.0,20.0,0.0,2338.4,0.0171292989005815,1200,1,1.8,20.0,Parabolic,"[8] Schellert et al., Corros. Sci. 192 (2021) 109861 > Fig./Table (CrMoNbTaTi equiatomic)",20.0,0.0,0.0,1200,1,1.3010299956639813
0.0,0.0,20.0,0.0,20.0,0.0,20.0,20.0,0.0,20.0,0.0,2338.4,0.0171292989005815,1200,25,1.8,20.0,Parabolic,"[8] Schellert et al., Corros. Sci. 192 (2021) 109861 > Fig./Table (CrMoNbTaTi equiatomic)",20.0,0.0,0.0,30000,1,1.3010299956639813
0.0,0.0,20.0,0.0,20.0,0.0,20.0,20.0,0.0,20.0,0.0,2338.4,0.0171292989005815,1200,50,1.8,20.0,Parabolic,"[8] Schellert et al., Corros. Sci. 192 (2021) 109861 > Fig./Table (CrMoNbTaTi equiatomic)",20.0,0.0,0.0,60000,1,1.3010299956639813
0.0,0.0,18.75,0.0,25.0,0.0,18.75,18.75,0.0,18.75,0.0,2311.4375,0.0173681705321525,1200,1,2.0,14.0,Parabolic,"[8] Schellert et al., Corros. Sci. 192 (2021) 109861 > Fig./Table (CrMoNbTaTi variant)",25.0,0.0,0.0,1200,1,1.146128035678238
0.0,0.0,18.75,0.0,25.0,0.0,18.75,18.75,0.0,18.75,0.0,2311.4375,0.0173681705321525,1200,25,2.0,14.0,Parabolic,"[8] Schellert et al., Corros. Sci. 192 (2021) 109861 > Fig./Table (CrMoNbTaTi variant)",25.0,0.0,0.0,30000,1,1.146128035678238
0.0,0.0,18.75,0.0,25.0,0.0,18.75,18.75,0.0,18.75,0.0,2311.4375,0.0173681705321525,1200,50,2.0,14.0,Parabolic,"[8] Schellert et al., Corros. Sci. 192 (2021) 109861 > Fig./Table (CrMoNbTaTi variant)",25.0,0.0,0.0,60000,1,1.146128035678238
14.29,0.0,14.29,14.26,14.29,0.0,14.29,14.29,0.0,14.29,0.0,2037.512528,0.0486543538895924,1000,1,1.5,20.0,Parabolic,"[17] Waseem & Ryu, J. Alloys Compd. 828 (2020) 154427 > Table/Fig. (Al14.29Ti14.29V14.26Cr14.29Nb14.29Mo14.29Ta14.29)",28.58,14.26,204.20409999999998,1000,1,1.3010299956639813
14.29,0.0,14.29,14.26,14.29,0.0,14.29,14.29,0.0,14.29,0.0,2037.512528,0.0486543538895924,1000,25,1.5,20.0,Parabolic,"[17] Waseem & Ryu, J. Alloys Compd. 828 (2020) 154427 > Table/Fig. (Al14.29Ti14.29V14.26Cr14.29Nb14.29Mo14.29Ta14.29)",28.58,14.26,204.20409999999998,25000,1,1.3010299956639813
14.29,0.0,14.29,14.26,14.29,0.0,14.29,14.29,0.0,14.29,0.0,2037.512528,0.0486543538895924,1000,50,1.5,20.0,Parabolic,"[17] Waseem & Ryu, J. Alloys Compd. 828 (2020) 154427 > Table/Fig. (Al14.29Ti14.29V14.26Cr14.29Nb14.29Mo14.29Ta14.29)",28.58,14.26,204.20409999999998,50000,1,1.3010299956639813
0.0,0.0,25.0,0.0,25.0,25.0,25.0,0.0,0.0,0.0,0.0,1976.75,0.0422325817721237,1000,1,2.63,18.421,Cubic,"[6] Gorr et al., Adv. Eng. Mater. 23(5) (2021) 2001047 > Table/Fig. (CrNbTiZr oxidation data)",25.0,25.0,0.0,1000,2,1.2653132025542972
0.0,0.0,25.0,0.0,25.0,25.0,25.0,0.0,0.0,0.0,0.0,1976.75,0.0422325817721237,1000,4,2.63,18.421,Cubic,"[6] Gorr et al., Adv. Eng. Mater. 23(5) (2021) 2001047 > Table/Fig. (CrNbTiZr oxidation data)",25.0,25.0,0.0,4000,2,1.2653132025542972
0.0,0.0,25.0,0.0,25.0,25.0,25.0,0.0,0.0,0.0,0.0,1976.75,0.0422325817721237,1000,7,2.63,18.421,Cubic,"[6] Gorr et al., Adv. Eng. Mater. 23(5) (2021) 2001047 > Table/Fig. (CrNbTiZr oxidation data)",25.0,25.0,0.0,7000,2,1.2653132025542972
19.0,10.0,19.0,0.0,19.0,0.0,14.0,19.0,0.0,0.0,0.0,1791.2608,0.0817875898492773,1000,1,3.2,2.5,Cubic,"[13] Dewangan & Kumar, Int. J. Refract. Met. Hard Mater. 103 (2022) 105777 > Table/Fig. (Al19Si10Ti19Cr19Nb14Mo19)",48.0,0.0,361.0,1000,3,0.3979400086720376
19.0,10.0,19.0,0.0,19.0,0.0,14.0,19.0,0.0,0.0,0.0,1791.2608,0.0817875898492773,1000,50,3.2,2.5,Cubic,"[13] Dewangan & Kumar, Int. J. Refract. Met. Hard Mater. 103 (2022) 105777 > Table/Fig. (Al19Si10Ti19Cr19Nb14Mo19)",48.0,0.0,361.0,50000,3,0.3979400086720376
19.0,10.0,19.0,0.0,19.0,0.0,14.0,19.0,0.0,0.0,0.0,1791.2608,0.0817875898492773,1000,100,3.2,2.5,Cubic,"[13] Dewangan & Kumar, Int. J. Refract. Met. Hard Mater. 103 (2022) 105777 > Table/Fig. (Al19Si10Ti19Cr19Nb14Mo19)",48.0,0.0,361.0,100000,3,0.3979400086720376
19.0,10.0,19.0,0.0,19.0,0.0,14.0,19.0,0.0,0.0,0.0,1791.2608,0.0817875898492773,1100,1,3.0,4.8,Cubic,"[13] Dewangan & Kumar, Int. J. Refract. Met. Hard Mater. 103 (2022) 105777 > Table/Fig. (Al19Si10Ti19Cr19Nb14Mo19)",48.0,0.0,361.0,1100,2,0.6812412373755872
19.0,10.0,19.0,0.0,19.0,0.0,14.0,19.0,0.0,0.0,0.0,1791.2608,0.0817875898492773,1100,50,3.0,4.8,Cubic,"[13] Dewangan & Kumar, Int. J. Refract. Met. Hard Mater. 103 (2022) 105777 > Table/Fig. (Al19Si10Ti19Cr19Nb14Mo19)",48.0,0.0,361.0,55000,2,0.6812412373755872
19.0,10.0,19.0,0.0,19.0,0.0,14.0,19.0,0.0,0.0,0.0,1791.2608,0.0817875898492773,1100,100,3.0,4.8,Cubic,"[13] Dewangan & Kumar, Int. J. Refract. Met. Hard Mater. 103 (2022) 105777 > Table/Fig. (Al19Si10Ti19Cr19Nb14Mo19)",48.0,0.0,361.0,110000,2,0.6812412373755872
19.0,10.0,19.0,0.0,19.0,0.0,14.0,19.0,0.0,0.0,0.0,1791.2608,0.0817875898492773,1200,1,2.8,9.5,Cubic,"[13] Dewangan & Kumar, Int. J. Refract. Met. Hard Mater. 103 (2022) 105777 > Table/Fig. (Al19Si10Ti19Cr19Nb14Mo19)",48.0,0.0,361.0,1200,2,0.9777236052888477
19.0,10.0,19.0,0.0,19.0,0.0,14.0,19.0,0.0,0.0,0.0,1791.2608,0.0817875898492773,1200,25,2.8,9.5,Cubic,"[13] Dewangan & Kumar, Int. J. Refract. Met. Hard Mater. 103 (2022) 105777 > Table/Fig. (Al19Si10Ti19Cr19Nb14Mo19)",48.0,0.0,361.0,30000,2,0.9777236052888477
19.0,10.0,19.0,0.0,19.0,0.0,14.0,19.0,0.0,0.0,0.0,1791.2608,0.0817875898492773,1200,50,2.8,9.5,Cubic,"[13] Dewangan & Kumar, Int. J. Refract. Met. Hard Mater. 103 (2022) 105777 > Table/Fig. (Al19Si10Ti19Cr19Nb14Mo19)",48.0,0.0,361.0,60000,2,0.9777236052888477
18.0,12.0,16.0,0.0,18.0,0.0,18.0,18.0,0.0,0.0,0.0,1816.6776,0.0864603285155718,1000,1,3.8,1.8,Quartic,"[13] Dewangan & Kumar, Int. J. Refract. Met. Hard Mater. 103 (2022) 105777 > Table/Fig. (AlCrFeMnNiWx variant; Al18Si12Ti16Cr18Nb18Mo18)",48.0,0.0,324.0,1000,3,0.25527250510330607
18.0,12.0,16.0,0.0,18.0,0.0,18.0,18.0,0.0,0.0,0.0,1816.6776,0.0864603285155718,1000,50,3.8,1.8,Quartic,"[13] Dewangan & Kumar, Int. J. Refract. Met. Hard Mater. 103 (2022) 105777 > Table/Fig. (AlCrFeMnNiWx variant; Al18Si12Ti16Cr18Nb18Mo18)",48.0,0.0,324.0,50000,3,0.25527250510330607
18.0,12.0,16.0,0.0,18.0,0.0,18.0,18.0,0.0,0.0,0.0,1816.6776,0.0864603285155718,1000,100,3.8,1.8,Quartic,"[13] Dewangan & Kumar, Int. J. Refract. Met. Hard Mater. 103 (2022) 105777 > Table/Fig. (AlCrFeMnNiWx variant; Al18Si12Ti16Cr18Nb18Mo18)",48.0,0.0,324.0,100000,3,0.25527250510330607
18.0,12.0,16.0,0.0,18.0,0.0,18.0,18.0,0.0,0.0,0.0,1816.6776,0.0864603285155718,1100,1,4.0,3.2,Quartic,"[13] Dewangan & Kumar, Int. J. Refract. Met. Hard Mater. 103 (2022) 105777 > Table/Fig. (AlCrFeMnNiWx variant; Al18Si12Ti16Cr18Nb18Mo18)",48.0,0.0,324.0,1100,3,0.505149978319906
18.0,12.0,16.0,0.0,18.0,0.0,18.0,18.0,0.0,0.0,0.0,1816.6776,0.0864603285155718,1100,50,4.0,3.2,Quartic,"[13] Dewangan & Kumar, Int. J. Refract. Met. Hard Mater. 103 (2022) 105777 > Table/Fig. (AlCrFeMnNiWx variant; Al18Si12Ti16Cr18Nb18Mo18)",48.0,0.0,324.0,55000,3,0.505149978319906
18.0,12.0,16.0,0.0,18.0,0.0,18.0,18.0,0.0,0.0,0.0,1816.6776,0.0864603285155718,1100,100,4.0,3.2,Quartic,"[13] Dewangan & Kumar, Int. J. Refract. Met. Hard Mater. 103 (2022) 105777 > Table/Fig. (AlCrFeMnNiWx variant; Al18Si12Ti16Cr18Nb18Mo18)",48.0,0.0,324.0,110000,3,0.505149978319906
